2017,2018,0ae866c4feb42f7c39d676be74691e4139fd20e2cfa824522c7e70b04ec433a3
2017,2018,0ae866c4feb42f7c39d676be74691e4139fd20e2cfa824522c7e70b04ec433a3
2017,2018,0ae866c4feb42f7c39d676be74691e4139fd20e2cfa824522c7e70b04ec433a3
2009,2018,1774ce81f5a0dc15cd170811c79c78e0861a14a6593b17f87365fcf19d802d55
2018,2018,ae899de273cd75984359192e28b80b614da4e1eab9134d9cdad4de2f4051594e
1922,1946,2b2296d1c182fcb716b4577fe25310e0810bd47c89184d24cadfd35c19ddc191
1939,2009,0800329b0aab6cd756ad20fece1ac71fc2a9f714342ead013b11558febff2cd5
2015,2017,883b8142f308e732feb42835a58746df8d014580f6545b0bf056da2ee69d50c3
2012,2017,ff4bd29e3f7c5db93cbb383c253515ffa03decbe044eaf28de60124bcbdc5b2e
2017,2017,d442082969642bd89738987154d6c9264c30d2332d5c8fa98443a9ee505bfb3a
1982,2011,1a7efee9a56c18c045632ab35844b728d2e0b8932b9882ec2b600c4814f16707
1940,2011,d4b166fa2df7abc36eebaea829538c3913319ad8e56068547f0c7d1c1ed71950
2015,2015,397bd964383d485962490ed8f7f8bdca5036c5099d7583daec2288783375ed00
1927,1946,fd751577d32f887ccf43b57045dcde62a96f3e5fcc9bbc0beb9754bb26afebf1
1946,1964,0894b6812621c0f2871acac98bef6cad7fad5953024867105dadf34f9f27459e
1946,2010,15118993fee8c15785c9fef85115824eeda6bcbe261864975f6041ffa97305cc
1922,2008,0ad3160bd30e85a11461b717b20bd43122aa9a08d9cf68d06acca2d53211caea
2018,2018,ae899de273cd75984359192e28b80b614da4e1eab9134d9cdad4de2f4051594e
2010,2016,0d428d1a5e83db5aaaf1965a403b352af6749e9d2048886c11a4e096caed8bd9
1964,2017,5053197a74fded3740568bbf568d71fb28da9e98fa9828adae52b4b886751592
1935,1964,3cb56142ff1785561b93693d006af3f813e652c80843cedb4c424af0b88570a2
2015,2017,883b8142f308e732feb42835a58746df8d014580f6545b0bf056da2ee69d50c3
2017,2018,0ae866c4feb42f7c39d676be74691e4139fd20e2cfa824522c7e70b04ec433a3
1956,2017,72778f579b47d0ae5cfdfc7647042ef3190e29d6b68b3a0e0545f5498be913a6
2016,2018,47115e668598b3179e73f63445b816160eb1efca72344a72a070c626d3e7daea
2017,2018,0ae866c4feb42f7c39d676be74691e4139fd20e2cfa824522c7e70b04ec433a3
1979,2017,4b8706ae72444b4a028910038637a71502b5d0c10eb2d7f8efed2831e3a59096
2012,2017,ff4bd29e3f7c5db93cbb383c253515ffa03decbe044eaf28de60124bcbdc5b2e
1984,2018,0092a12f0d39879b0665722eb50df4f724bc898f8e6907786413b5b7962db2e4
2017,2018,0ae866c4feb42f7c39d676be74691e4139fd20e2cfa824522c7e70b04ec433a3
2010,2016,0d428d1a5e83db5aaaf1965a403b352af6749e9d2048886c11a4e096caed8bd9
1956,2012,c7c9833a214d3ec5db1b23c4807b95ef43aa6a4304d20f0f638fe4ef52927f82
1940,2017,407cad9925681e94423c95dc29a8699ee8df5af87fd7295da4e65f04f0f8a634
2013,2018,e5f55f3667eb2b1197c21f62c403719ffe23501c0d180724c00d7ab7d3507794
1982,2017,85f39f53112ff59736923fddf26f09081b88199e2951f83dff09414d8a9f80b6
1922,2015,c105f1b4a0e95c645675aaeaf91352d0d411fedefa594e7c5bba021065220ccb
1937,1964,d3e84dd132b76d522cdc5b2b3f818c83b431230910d34cd707f91e96da09991c
1977,2016,8c5ebd0e6a291cf0791edc68436ffd1b922e3113dbb9e4dd905f4214159bd272
2017,2017,d442082969642bd89738987154d6c9264c30d2332d5c8fa98443a9ee505bfb3a
2017,2017,d442082969642bd89738987154d6c9264c30d2332d5c8fa98443a9ee505bfb3a
2009,2011,2c8f57493122111ac2cc79cf6a658e156d1231c1d2abf62e6f42208212362dc3
1984,2008,4588a951f947a75ea71891a958944bbce36d9735fc447e0ac0ba936f6fb0f3dd
2008,2011,c7e62a4b0dd0deb56361e3258de570917e0ad8f799d7050db5d102e3b11edf4e
1946,2017,5ad06cd476c1caeff49c9426e03c268447e8baef23615e895c4b57b0d5f4ca12
2017,2017,d442082969642bd89738987154d6c9264c30d2332d5c8fa98443a9ee505bfb3a
1940,2016,acc35ebd079cea00e07e2f3d179c1561c638000cfcd2f067f7ef35a4c88e29fe
2013,2015,c459a11a88db398a9ab392412f8833b10b63a0e4b2a661376ec546338b3e82b7
2013,2016,4a29f8600c985cee97966965e9a159a773e4443949d92df0aaf8abbdc81f757f
2017,2018,0ae866c4feb42f7c39d676be74691e4139fd20e2cfa824522c7e70b04ec433a3
2017,2018,0ae866c4feb42f7c39d676be74691e4139fd20e2cfa824522c7e70b04ec433a3
1964,2017,5053197a74fded3740568bbf568d71fb28da9e98fa9828adae52b4b886751592
1977,2017,cab27c84de4b45b5a007e70c0f63f9d5b47ff49c66ded79d4d2d61a2a5c1f643
2015,2017,883b8142f308e732feb42835a58746df8d014580f6545b0bf056da2ee69d50c3
1946,2017,5ad06cd476c1caeff49c9426e03c268447e8baef23615e895c4b57b0d5f4ca12
1982,2017,85f39f53112ff59736923fddf26f09081b88199e2951f83dff09414d8a9f80b6
2016,2018,47115e668598b3179e73f63445b816160eb1efca72344a72a070c626d3e7daea
2017,2018,0ae866c4feb42f7c39d676be74691e4139fd20e2cfa824522c7e70b04ec433a3
2009,2017,d2a73c64ef575d70173c0b4934194233f1ff12e6b3ac906e349b06b62e66a9ff
2018,2018,ae899de273cd75984359192e28b80b614da4e1eab9134d9cdad4de2f4051594e
2015,2015,397bd964383d485962490ed8f7f8bdca5036c5099d7583daec2288783375ed00
1982,2009,4da45d5de727539822a8e617ad202fbeb2a56ed051a463a81a6c604c5ed8d168
2009,2017,d2a73c64ef575d70173c0b4934194233f1ff12e6b3ac906e349b06b62e66a9ff
2017,2018,0ae866c4feb42f7c39d676be74691e4139fd20e2cfa824522c7e70b04ec433a3
1939,2011,62921e62bf223da3bf3d6377d6eff96d9b67b062cce7611c8295f7a364492c20
2018,2018,ae899de273cd75984359192e28b80b614da4e1eab9134d9cdad4de2f4051594e
1986,2016,06980f645eb99bf4134528a815d0456f440615446afb77c0f4d33daf28e62983
2017,2017,d442082969642bd89738987154d6c9264c30d2332d5c8fa98443a9ee505bfb3a
1939,2017,dec16fab2ab9c30717d10fab8100893961a0d0bd40dba61d46cabe470cec492d
1940,2010,c16f6099c05bc376e89347a2666b20fdccdfa1dd2de2602d89c9abaa72897bd3
1937,2017,02c7707003ed7ea0443616f36dec2102e6629a1431d764fef0f070c961d1114d
2016,2017,e6aa79db1d97e4938bde398be46b1e0b29d6d33fc1bdd3ce78a31935e0320c50
2018,2018,ae899de273cd75984359192e28b80b614da4e1eab9134d9cdad4de2f4051594e
1946,2016,adabda6187bd88d73e47c3e719b7a01beb837e8b67f2d9239a656cc63b79c3c9
2010,2017,45c3eee4664680622b1c77bca9e81452a5a3a311017c52c78a9310aa685b6c00
2018,2018,ae899de273cd75984359192e28b80b614da4e1eab9134d9cdad4de2f4051594e
2011,2017,2455b0b5e2b783414cef0f7f6bdb8bad79eaefc4367f0c6fd32f22c8ff49a873
2015,2016,de8927794db5fefa7e0824469038f123eb00ab056b90fc4359a420828086d30e
1964,1984,bf9fcc2750834e1edbcdc484d8ca694d30bfb4bb58c8077410e6170520161911
1977,2018,99be2ef57eeff33b80e210639530ef02469679778afa244188071db430533456
2018,2018,ae899de273cd75984359192e28b80b614da4e1eab9134d9cdad4de2f4051594e
1927,1937,4ef80ecc951c45b5454905f070a3f7c86e02f5c6e8e60acc009cb7c68d63092c
1935,1940,d3ea98c23b587b828960e5570ac5999257f76744cc3442ffb6d748805064b218
2016,2017,e6aa79db1d97e4938bde398be46b1e0b29d6d33fc1bdd3ce78a31935e0320c50
2015,2017,883b8142f308e732feb42835a58746df8d014580f6545b0bf056da2ee69d50c3
2017,2017,d442082969642bd89738987154d6c9264c30d2332d5c8fa98443a9ee505bfb3a
1956,2012,c7c9833a214d3ec5db1b23c4807b95ef43aa6a4304d20f0f638fe4ef52927f82
2008,2017,dabb61cc33870e155ab6aa807e94cb9f16dc357b850b2879557d831c6c237c5a
2013,2016,4a29f8600c985cee97966965e9a159a773e4443949d92df0aaf8abbdc81f757f
2018,2018,ae899de273cd75984359192e28b80b614da4e1eab9134d9cdad4de2f4051594e
2015,2015,397bd964383d485962490ed8f7f8bdca5036c5099d7583daec2288783375ed00
2018,2018,ae899de273cd75984359192e28b80b614da4e1eab9134d9cdad4de2f4051594e
2016,2018,47115e668598b3179e73f63445b816160eb1efca72344a72a070c626d3e7daea
2015,2017,883b8142f308e732feb42835a58746df8d014580f6545b0bf056da2ee69d50c3
1939,1984,e1e7cf76d3a9aa3d19ec8f4fa3f6f0f4a70b4f5a9742591ccb0b3504e22f0732
2016,2017,e6aa79db1d97e4938bde398be46b1e0b29d6d33fc1bdd3ce78a31935e0320c50
2012,2018,eb2420936c99ae0c0874edc8b95224ff583686337e21abf7b7c72a9e7e85f54c
1982,2016,065fc481932403b51671b772b490c7d6047cf6873c0c394162c01fead901128e
1922,2017,9b92356ffbe2804ad39acb9f7221fca29c19cb9d37c501a57226aadb79ec8b49
1956,1986,2d6bcc3e3b9b1edffd208f0b98517a6d4bae26dcea5c16788a829d066ca3339e
1927,1927,e70727526de8c9cfd7913154fb7ffafe4d4fb02abda15289527782c59f30d062
1982,2018,632a5d0621ac64687bfce21ebd11bfba52d32f0eeeaff79faee2f3d9e0ab4e2c
2012,2016,03f9a37a49b6681c66d53c0a894c8b68ffb6272925f35ca4fca27fca9b4b4719
2018,2018,ae899de273cd75984359192e28b80b614da4e1eab9134d9cdad4de2f4051594e
2018,2018,ae899de273cd75984359192e28b80b614da4e1eab9134d9cdad4de2f4051594e
1946,1982,1b085891672e42fb02e6f2daff1506e0d99a1e38b817ab0f58d6b587a4205666
2017,2018,0ae866c4feb42f7c39d676be74691e4139fd20e2cfa824522c7e70b04ec433a3
1922,2016,865cced9ef908a1a539137bc2dc7d63209dc6afc71da03de06f29afc902ac1a9
1977,2010,f8b4bbaf02d6b1f0786bbb319d4c58d136271d6c31ae9ab511f75c8e212c9a5a
1927,2015,4c158b205f3cfaa5733e137716c05d814570ed6a34e118ffd45bca48fa39d967
1986,2017,361aee12de222eca4ca2d9a12cc07438c6d113eb5d9c4bc4b330dc43b9742a56
2011,2012,7e41baed782691c018aab46b28d093eee10e363a3279bb7f8839a5bd921d6820
2017,2018,0ae866c4feb42f7c39d676be74691e4139fd20e2cfa824522c7e70b04ec433a3
2016,2017,e6aa79db1d97e4938bde398be46b1e0b29d6d33fc1bdd3ce78a31935e0320c50
2017,2017,d442082969642bd89738987154d6c9264c30d2332d5c8fa98443a9ee505bfb3a
1946,1977,162a295f94767a7c99cf957b84e55c960c09fbb0a65293f65208778384e70050
2017,2017,d442082969642bd89738987154d6c9264c30d2332d5c8fa98443a9ee505bfb3a
2017,2018,0ae866c4feb42f7c39d676be74691e4139fd20e2cfa824522c7e70b04ec433a3
2017,2017,d442082969642bd89738987154d6c9264c30d2332d5c8fa98443a9ee505bfb3a
1984,2017,d08fb8be02e08c85ae82019e4cd213f6619d869c9ea45a57e4c988c9322434a9
2018,2018,ae899de273cd75984359192e28b80b614da4e1eab9134d9cdad4de2f4051594e
2017,2018,0ae866c4feb42f7c39d676be74691e4139fd20e2cfa824522c7e70b04ec433a3
2017,2018,0ae866c4feb42f7c39d676be74691e4139fd20e2cfa824522c7e70b04ec433a3
1979,2017,4b8706ae72444b4a028910038637a71502b5d0c10eb2d7f8efed2831e3a59096
2017,2018,0ae866c4feb42f7c39d676be74691e4139fd20e2cfa824522c7e70b04ec433a3
2011,2017,2455b0b5e2b783414cef0f7f6bdb8bad79eaefc4367f0c6fd32f22c8ff49a873
1946,2016,adabda6187bd88d73e47c3e719b7a01beb837e8b67f2d9239a656cc63b79c3c9
2016,2017,e6aa79db1d97e4938bde398be46b1e0b29d6d33fc1bdd3ce78a31935e0320c50
1977,2012,0e78dd4fb711372e903990aeaa0a1f1fe27004c5f6d9fc861d37aa4a9ddc16e8
2008,2017,dabb61cc33870e155ab6aa807e94cb9f16dc357b850b2879557d831c6c237c5a
2018,2018,ae899de273cd75984359192e28b80b614da4e1eab9134d9cdad4de2f4051594e
1986,2013,88f4c3fcb914892636f6c7ac87c2c4ce283ff8745c6186292fdaa9879e056367
2016,2017,e6aa79db1d97e4938bde398be46b1e0b29d6d33fc1bdd3ce78a31935e0320c50
1935,2017,d209c8625b8d0827389adeda974bf4ac59d392fb356c2d79dff03d2b8edf0093
1984,2016,c4e44ba61f473ecb81dceb93ca7113f5466ae92042079b3dd169bc75b7761ffc
2015,2015,397bd964383d485962490ed8f7f8bdca5036c5099d7583daec2288783375ed00
1939,1982,f4f7ab67e69b59ffee2564dd5576b5e1e13c44d114a855af061830052d0d9cbc
2016,2017,e6aa79db1d97e4938bde398be46b1e0b29d6d33fc1bdd3ce78a31935e0320c50
1982,2018,632a5d0621ac64687bfce21ebd11bfba52d32f0eeeaff79faee2f3d9e0ab4e2c
1935,1946,c72bf13f1afa7a8fadde56a560004b192132a1849c710aefd343a6010f591d22
2013,2018,e5f55f3667eb2b1197c21f62c403719ffe23501c0d180724c00d7ab7d3507794
1927,2016,df941c07b790dec18bea755be8382c3c26b0f598e975026ff505f2e522c09602
2009,2017,d2a73c64ef575d70173c0b4934194233f1ff12e6b3ac906e349b06b62e66a9ff
2016,2018,47115e668598b3179e73f63445b816160eb1efca72344a72a070c626d3e7daea
1931,2008,45f21e11ae40c2e2fa46c9af1acdc3096c066dbf07b4914f9a4d4ce6bac78328
2018,2018,ae899de273cd75984359192e28b80b614da4e1eab9134d9cdad4de2f4051594e
1977,2017,cab27c84de4b45b5a007e70c0f63f9d5b47ff49c66ded79d4d2d61a2a5c1f643
2008,2015,a5906886cd60f79ed858449c026c88fab7b1969b551134d23f127ac58005394a
1979,1986,9c785d9bfcf1332794646152e8f737bc9d8f4930ebf0903258b7af99d62235a5
1946,2018,241c409b364ae264765d81953ee8d23f47271841b289f68e7723b7a785c2cc2c
2018,2018,ae899de273cd75984359192e28b80b614da4e1eab9134d9cdad4de2f4051594e
2008,2018,b34d8f6c9176f692347442386a136f4ea008174c0ebe521a26d9db40f82b14ee
2013,2017,0d53bef627c80c58f08df9b2e82efdfe77dd098f5fc3a77486e79e600c20b8a5
1931,2017,e91e417bbd110d07d89f6984b80d07d95daf9b624fbe1a8e6750f5a16e14e100
2015,2017,883b8142f308e732feb42835a58746df8d014580f6545b0bf056da2ee69d50c3
2017,2018,0ae866c4feb42f7c39d676be74691e4139fd20e2cfa824522c7e70b04ec433a3
1946,1964,0894b6812621c0f2871acac98bef6cad7fad5953024867105dadf34f9f27459e
1946,2017,5ad06cd476c1caeff49c9426e03c268447e8baef23615e895c4b57b0d5f4ca12
2016,2017,e6aa79db1d97e4938bde398be46b1e0b29d6d33fc1bdd3ce78a31935e0320c50
2016,2017,e6aa79db1d97e4938bde398be46b1e0b29d6d33fc1bdd3ce78a31935e0320c50
2017,2018,0ae866c4feb42f7c39d676be74691e4139fd20e2cfa824522c7e70b04ec433a3
1986,2012,e310bcff101c93f364f2feecbc891ba9499a740f132357170f24aac90046468a
1940,1979,b4c8fb4953348b87502079cc9852b911104cd094be7eba79db642badd6056ff8
1927,2017,6abf8980919248290e7017c8fdfccba1c44a34dc12a74c04a7796b5167e0861c
1979,2016,5648fe84776bf91fe08d8cc1235ff4ca1920a96a58cab4d0f9b69264b07b8b4f
1927,2010,dabd8b4bbc66b6b3511771238bc94c35d2a440bace13491f7fb415826cb5a1b3
2015,2017,883b8142f308e732feb42835a58746df8d014580f6545b0bf056da2ee69d50c3
2013,2017,0d53bef627c80c58f08df9b2e82efdfe77dd098f5fc3a77486e79e600c20b8a5
2017,2018,0ae866c4feb42f7c39d676be74691e4139fd20e2cfa824522c7e70b04ec433a3
2016,2017,e6aa79db1d97e4938bde398be46b1e0b29d6d33fc1bdd3ce78a31935e0320c50
2016,2018,47115e668598b3179e73f63445b816160eb1efca72344a72a070c626d3e7daea
2017,2018,0ae866c4feb42f7c39d676be74691e4139fd20e2cfa824522c7e70b04ec433a3
1939,2017,dec16fab2ab9c30717d10fab8100893961a0d0bd40dba61d46cabe470cec492d
1977,2018,99be2ef57eeff33b80e210639530ef02469679778afa244188071db430533456
1940,2017,407cad9925681e94423c95dc29a8699ee8df5af87fd7295da4e65f04f0f8a634
2017,2017,d442082969642bd89738987154d6c9264c30d2332d5c8fa98443a9ee505bfb3a
2017,2017,d442082969642bd89738987154d6c9264c30d2332d5c8fa98443a9ee505bfb3a
1940,2017,407cad9925681e94423c95dc29a8699ee8df5af87fd7295da4e65f04f0f8a634
2018,2018,ae899de273cd75984359192e28b80b614da4e1eab9134d9cdad4de2f4051594e
2017,2017,d442082969642bd89738987154d6c9264c30d2332d5c8fa98443a9ee505bfb3a
2015,2017,883b8142f308e732feb42835a58746df8d014580f6545b0bf056da2ee69d50c3
1939,2018,e30f8d3ee2cbd74a0fed973a747e774ddd16fdfd6da561543b13e41b8d2af247
2015,2018,ca5321c88429f35111ba3c3ddf5d01fc4b2f4adc7bd7487828d6288765d041b5
2017,2017,d442082969642bd89738987154d6c9264c30d2332d5c8fa98443a9ee505bfb3a
2017,2018,0ae866c4feb42f7c39d676be74691e4139fd20e2cfa824522c7e70b04ec433a3
1922,2017,9b92356ffbe2804ad39acb9f7221fca29c19cb9d37c501a57226aadb79ec8b49
2009,2017,d2a73c64ef575d70173c0b4934194233f1ff12e6b3ac906e349b06b62e66a9ff
1964,2015,f5309b7b5e5b56e3825b1e1cacf5c19318aefbf514d085e5c95bf78ffbaf65ec
1946,1986,5bf12077edce98bc7b9da375737f3ce66cdca73dbf5fea61a636fdc347c4fb0a
1984,2015,aa357e9da3e6b49a369edb166f5fa067cad7dcd8c805e07a6ab487ab863405da
2013,2015,c459a11a88db398a9ab392412f8833b10b63a0e4b2a661376ec546338b3e82b7
2011,2016,29a11f32e7b4cb4995691b9ac51865c66f5a7ccc55788ea599488634fa469b2d
2015,2017,883b8142f308e732feb42835a58746df8d014580f6545b0bf056da2ee69d50c3
1977,1986,f6e66c6aaffab59c67aa15ea2194a50957296530ed9f5fb16b60490b9839bd5e
1986,2012,e310bcff101c93f364f2feecbc891ba9499a740f132357170f24aac90046468a
1946,2017,5ad06cd476c1caeff49c9426e03c268447e8baef23615e895c4b57b0d5f4ca12
1922,1977,cffd61378d07f4eb8e8f24c81a74e0cc6643d19cb69b33f20cb38821eba99bc2
1935,2009,04ed91ca1fa17e8e9f6d237d30cfe04bbe6d05d10e0c7ee09544756bb57a2c62
2017,2017,d442082969642bd89738987154d6c9264c30d2332d5c8fa98443a9ee505bfb3a
2015,2017,883b8142f308e732feb42835a58746df8d014580f6545b0bf056da2ee69d50c3
2008,2015,a5906886cd60f79ed858449c026c88fab7b1969b551134d23f127ac58005394a
2017,2018,0ae866c4feb42f7c39d676be74691e4139fd20e2cfa824522c7e70b04ec433a3
2017,2018,0ae866c4feb42f7c39d676be74691e4139fd20e2cfa824522c7e70b04ec433a3
1937,1937,579a16cd013d25f5830f38f9e2f15a25684d75187d11e1bd0cce45f0a9f23fbb
2018,2018,ae899de273cd75984359192e28b80b614da4e1eab9134d9cdad4de2f4051594e
1984,2017,d08fb8be02e08c85ae82019e4cd213f6619d869c9ea45a57e4c988c9322434a9
2018,2018,ae899de273cd75984359192e28b80b614da4e1eab9134d9cdad4de2f4051594e
2017,2017,d442082969642bd89738987154d6c9264c30d2332d5c8fa98443a9ee505bfb3a
1984,2010,41d476febc554013c0a1730e39ea0636b733dcd562519d5d20412cbcd94233d2
1922,2016,865cced9ef908a1a539137bc2dc7d63209dc6afc71da03de06f29afc902ac1a9
1946,2017,5ad06cd476c1caeff49c9426e03c268447e8baef23615e895c4b57b0d5f4ca12
1956,1984,7a12508cbc5c97265b7fa75baaff297980772db3124ec5a73208fa7df4dad06e
2018,2018,ae899de273cd75984359192e28b80b614da4e1eab9134d9cdad4de2f4051594e
2017,2018,0ae866c4feb42f7c39d676be74691e4139fd20e2cfa824522c7e70b04ec433a3
2009,2017,d2a73c64ef575d70173c0b4934194233f1ff12e6b3ac906e349b06b62e66a9ff
1984,2017,d08fb8be02e08c85ae82019e4cd213f6619d869c9ea45a57e4c988c9322434a9
1946,2017,5ad06cd476c1caeff49c9426e03c268447e8baef23615e895c4b57b0d5f4ca12
2017,2018,0ae866c4feb42f7c39d676be74691e4139fd20e2cfa824522c7e70b04ec433a3
1986,2017,361aee12de222eca4ca2d9a12cc07438c6d113eb5d9c4bc4b330dc43b9742a56
1922,1940,f4dbea235d488516781fcad8629b4efefc76124d2c597d1acb3a0a7f99925e70
2017,2017,d442082969642bd89738987154d6c9264c30d2332d5c8fa98443a9ee505bfb3a
1946,2011,29de516b2179282cec113eb7fd546fd88b4bf92fb7aea3859ea05bf34dc7087e
2011,2017,2455b0b5e2b783414cef0f7f6bdb8bad79eaefc4367f0c6fd32f22c8ff49a873
2009,2016,ce539c3d331347937099c3540bf8c38b9c50d68550cf7b4e86732208bbfecbb6
2017,2017,d442082969642bd89738987154d6c9264c30d2332d5c8fa98443a9ee505bfb3a
2017,2017,d442082969642bd89738987154d6c9264c30d2332d5c8fa98443a9ee505bfb3a
1986,2017,361aee12de222eca4ca2d9a12cc07438c6d113eb5d9c4bc4b330dc43b9742a56
1984,2017,d08fb8be02e08c85ae82019e4cd213f6619d869c9ea45a57e4c988c9322434a9
2017,2018,0ae866c4feb42f7c39d676be74691e4139fd20e2cfa824522c7e70b04ec433a3
2013,2017,0d53bef627c80c58f08df9b2e82efdfe77dd098f5fc3a77486e79e600c20b8a5
1937,1982,479f0c3fd93ea2080f80a6ce9f67463cf22cf3b7c470b99995ab2c56d6fa4f49
2016,2017,e6aa79db1d97e4938bde398be46b1e0b29d6d33fc1bdd3ce78a31935e0320c50
2017,2018,0ae866c4feb42f7c39d676be74691e4139fd20e2cfa824522c7e70b04ec433a3
1946,2010,15118993fee8c15785c9fef85115824eeda6bcbe261864975f6041ffa97305cc
2017,2018,0ae866c4feb42f7c39d676be74691e4139fd20e2cfa824522c7e70b04ec433a3
1946,2015,739042fe1d156223f4cf524df48cada8f3af0c67e2434b50a4f965fa930dfaf1
2017,2018,0ae866c4feb42f7c39d676be74691e4139fd20e2cfa824522c7e70b04ec433a3
2017,2017,d442082969642bd89738987154d6c9264c30d2332d5c8fa98443a9ee505bfb3a
2016,2017,e6aa79db1d97e4938bde398be46b1e0b29d6d33fc1bdd3ce78a31935e0320c50
1927,1982,cc56b6bd7829d27071bd7e0053fdc2762c3880713e4fed4030bafce233b8af28
1937,2018,858b591aa7e13a39a9b2bd5782d2c2a91e0946c5f0920047e9c32d7e4536f774
1946,2015,739042fe1d156223f4cf524df48cada8f3af0c67e2434b50a4f965fa930dfaf1
1956,2012,c7c9833a214d3ec5db1b23c4807b95ef43aa6a4304d20f0f638fe4ef52927f82
1946,1977,162a295f94767a7c99cf957b84e55c960c09fbb0a65293f65208778384e70050
1946,2018,241c409b364ae264765d81953ee8d23f47271841b289f68e7723b7a785c2cc2c
2016,2018,47115e668598b3179e73f63445b816160eb1efca72344a72a070c626d3e7daea
1935,1935,544fc806ea96d95f6e5f7e554baf5fe551ffe558dc4afdc6df442ad0893752a9
2016,2017,e6aa79db1d97e4938bde398be46b1e0b29d6d33fc1bdd3ce78a31935e0320c50
1977,2017,cab27c84de4b45b5a007e70c0f63f9d5b47ff49c66ded79d4d2d61a2a5c1f643
1922,2009,d58007817c7f3b172a3431f79416b1b0d77c1f998361b593d888277a487de747
2017,2017,d442082969642bd89738987154d6c9264c30d2332d5c8fa98443a9ee505bfb3a
2017,2018,0ae866c4feb42f7c39d676be74691e4139fd20e2cfa824522c7e70b04ec433a3
1939,2016,d5300170f41bd190d4ad1e5a928330d39b637e5b5e1183bb535f72bb783f6e43
2017,2017,d442082969642bd89738987154d6c9264c30d2332d5c8fa98443a9ee505bfb3a
2015,2018,ca5321c88429f35111ba3c3ddf5d01fc4b2f4adc7bd7487828d6288765d041b5
2015,2016,de8927794db5fefa7e0824469038f123eb00ab056b90fc4359a420828086d30e
1939,2013,1a363887e2b23feea99fe3df96ce81f31d5bcf426ec0ecef160caddfda530284
2018,2018,ae899de273cd75984359192e28b80b614da4e1eab9134d9cdad4de2f4051594e
1922,2018,1de08aa11aea3975f1cb26a5496b3be83a37146dff324bbd2d20481827a76081
2017,2017,d442082969642bd89738987154d6c9264c30d2332d5c8fa98443a9ee505bfb3a
2017,2017,d442082969642bd89738987154d6c9264c30d2332d5c8fa98443a9ee505bfb3a
2016,2017,e6aa79db1d97e4938bde398be46b1e0b29d6d33fc1bdd3ce78a31935e0320c50
1940,1986,a22c38f61e302c05bcc0cb34613f25fb0ef2ea661324d5e0cb7a0ea1e123c492
2011,2017,2455b0b5e2b783414cef0f7f6bdb8bad79eaefc4367f0c6fd32f22c8ff49a873
1940,2016,acc35ebd079cea00e07e2f3d179c1561c638000cfcd2f067f7ef35a4c88e29fe
1931,2017,e91e417bbd110d07d89f6984b80d07d95daf9b624fbe1a8e6750f5a16e14e100
2012,2016,03f9a37a49b6681c66d53c0a894c8b68ffb6272925f35ca4fca27fca9b4b4719
1922,2016,865cced9ef908a1a539137bc2dc7d63209dc6afc71da03de06f29afc902ac1a9
1986,2011,9cb67bc3ce74aa4b71b0316ad6a104ce700c8f30e251f8f6dfdd27dd66a679f3
2015,2018,ca5321c88429f35111ba3c3ddf5d01fc4b2f4adc7bd7487828d6288765d041b5
2017,2017,d442082969642bd89738987154d6c9264c30d2332d5c8fa98443a9ee505bfb3a
1931,1937,08771b6bde77a526191fef1ee01f00b4170315240bfd09d9fcc1bfdbed9f7ab0
2009,2013,11a9d61b8325151533a4f52c39b3c470c4e81a2c882fc14f7e8ced2e77ef9da2
2009,2015,4082f28143091ccdb06d3af80482cf26fe2b12f53c51e22c7321fa10614a6d07
2011,2017,2455b0b5e2b783414cef0f7f6bdb8bad79eaefc4367f0c6fd32f22c8ff49a873
1979,2018,9bd137930edf0ef24df6b0b55e572755c9fb8a2f23ef2720486a7ca64ce9d574
2017,2018,0ae866c4feb42f7c39d676be74691e4139fd20e2cfa824522c7e70b04ec433a3
2017,2017,d442082969642bd89738987154d6c9264c30d2332d5c8fa98443a9ee505bfb3a
2017,2018,0ae866c4feb42f7c39d676be74691e4139fd20e2cfa824522c7e70b04ec433a3
2015,2015,397bd964383d485962490ed8f7f8bdca5036c5099d7583daec2288783375ed00
2012,2015,9af77dfc7a8be2d1507a55ae47aaed4da8377e382bbe1d5a73132a33cc753196
2017,2018,0ae866c4feb42f7c39d676be74691e4139fd20e2cfa824522c7e70b04ec433a3
2018,2018,ae899de273cd75984359192e28b80b614da4e1eab9134d9cdad4de2f4051594e
2017,2018,0ae866c4feb42f7c39d676be74691e4139fd20e2cfa824522c7e70b04ec433a3
1940,2015,26977755782a4909011802246333716cb0acb4d649577423d592244d69928404
1984,2017,d08fb8be02e08c85ae82019e4cd213f6619d869c9ea45a57e4c988c9322434a9
1979,2017,4b8706ae72444b4a028910038637a71502b5d0c10eb2d7f8efed2831e3a59096
2016,2017,e6aa79db1d97e4938bde398be46b1e0b29d6d33fc1bdd3ce78a31935e0320c50
2015,2017,883b8142f308e732feb42835a58746df8d014580f6545b0bf056da2ee69d50c3
1946,1977,162a295f94767a7c99cf957b84e55c960c09fbb0a65293f65208778384e70050
1977,2016,8c5ebd0e6a291cf0791edc68436ffd1b922e3113dbb9e4dd905f4214159bd272
2015,2017,883b8142f308e732feb42835a58746df8d014580f6545b0bf056da2ee69d50c3
1931,2016,446466b9dc1e2c659edd52efadd60c2150df2d7b70ae1dc38dd1e6e23f8b16ed
1964,2018,382ac7a73455584c955a6ad9a0024df17b3b853a0d1cd8cc0455787bcb8cd2f4
2017,2018,0ae866c4feb42f7c39d676be74691e4139fd20e2cfa824522c7e70b04ec433a3
2011,2018,0792e925ad8b31d3ea9a4de8e0ced81fb95659cfaf5347e8efc0834a343fe974
1931,1979,7efbbeafff9f811fd0629c7ed71e7475d49012c9dcbe1ef2277c4007c90aced1
2016,2017,e6aa79db1d97e4938bde398be46b1e0b29d6d33fc1bdd3ce78a31935e0320c50
2010,2012,7228f79997e2c8f20f94b677327643b4ecca7e3490058de2321823c43a495d2d
1986,2013,88f4c3fcb914892636f6c7ac87c2c4ce283ff8745c6186292fdaa9879e056367
2009,2015,4082f28143091ccdb06d3af80482cf26fe2b12f53c51e22c7321fa10614a6d07
2017,2017,d442082969642bd89738987154d6c9264c30d2332d5c8fa98443a9ee505bfb3a
1931,2018,69ac48368261a85c0a5ace3316d3cdd307d4c826b0ef052768481dc75d84051e
2010,2013,efca1bc3e12439b2717dae9acd69347bb6fb90f8511fe53d2372fbe33819dc2c
2017,2017,d442082969642bd89738987154d6c9264c30d2332d5c8fa98443a9ee505bfb3a
1946,2017,5ad06cd476c1caeff49c9426e03c268447e8baef23615e895c4b57b0d5f4ca12
1940,2016,acc35ebd079cea00e07e2f3d179c1561c638000cfcd2f067f7ef35a4c88e29fe
1977,2010,f8b4bbaf02d6b1f0786bbb319d4c58d136271d6c31ae9ab511f75c8e212c9a5a
2017,2018,0ae866c4feb42f7c39d676be74691e4139fd20e2cfa824522c7e70b04ec433a3
2012,2017,ff4bd29e3f7c5db93cbb383c253515ffa03decbe044eaf28de60124bcbdc5b2e
2015,2016,de8927794db5fefa7e0824469038f123eb00ab056b90fc4359a420828086d30e
1986,2017,361aee12de222eca4ca2d9a12cc07438c6d113eb5d9c4bc4b330dc43b9742a56
1940,2018,a625575eb43580eba97b10fad6d5cceb693fb3afc293e0b8ff8483191cf63103
1931,2016,446466b9dc1e2c659edd52efadd60c2150df2d7b70ae1dc38dd1e6e23f8b16ed
1964,1984,bf9fcc2750834e1edbcdc484d8ca694d30bfb4bb58c8077410e6170520161911
2011,2018,0792e925ad8b31d3ea9a4de8e0ced81fb95659cfaf5347e8efc0834a343fe974
2008,2015,a5906886cd60f79ed858449c026c88fab7b1969b551134d23f127ac58005394a
2018,2018,ae899de273cd75984359192e28b80b614da4e1eab9134d9cdad4de2f4051594e
2010,2012,7228f79997e2c8f20f94b677327643b4ecca7e3490058de2321823c43a495d2d
2015,2016,de8927794db5fefa7e0824469038f123eb00ab056b90fc4359a420828086d30e
1922,2008,0ad3160bd30e85a11461b717b20bd43122aa9a08d9cf68d06acca2d53211caea
1977,2011,63fb6908e9b5368997b39f4cba92d6b3bbe8d86c0e263079955bb202d008ab7e
2008,2018,b34d8f6c9176f692347442386a136f4ea008174c0ebe521a26d9db40f82b14ee
1922,2017,9b92356ffbe2804ad39acb9f7221fca29c19cb9d37c501a57226aadb79ec8b49
2017,2018,0ae866c4feb42f7c39d676be74691e4139fd20e2cfa824522c7e70b04ec433a3
2017,2018,0ae866c4feb42f7c39d676be74691e4139fd20e2cfa824522c7e70b04ec433a3
2016,2018,47115e668598b3179e73f63445b816160eb1efca72344a72a070c626d3e7daea
1935,2017,d209c8625b8d0827389adeda974bf4ac59d392fb356c2d79dff03d2b8edf0093
2017,2017,d442082969642bd89738987154d6c9264c30d2332d5c8fa98443a9ee505bfb3a
2017,2018,0ae866c4feb42f7c39d676be74691e4139fd20e2cfa824522c7e70b04ec433a3
2017,2017,d442082969642bd89738987154d6c9264c30d2332d5c8fa98443a9ee505bfb3a
2010,2015,567e80745794cf622e48cd6b7ab71a307613d8e64f46b19392dba7c25d675169
2016,2017,e6aa79db1d97e4938bde398be46b1e0b29d6d33fc1bdd3ce78a31935e0320c50
2017,2018,0ae866c4feb42f7c39d676be74691e4139fd20e2cfa824522c7e70b04ec433a3
1964,2017,5053197a74fded3740568bbf568d71fb28da9e98fa9828adae52b4b886751592
2016,2018,47115e668598b3179e73f63445b816160eb1efca72344a72a070c626d3e7daea
2017,2018,0ae866c4feb42f7c39d676be74691e4139fd20e2cfa824522c7e70b04ec433a3
2017,2018,0ae866c4feb42f7c39d676be74691e4139fd20e2cfa824522c7e70b04ec433a3
2017,2018,0ae866c4feb42f7c39d676be74691e4139fd20e2cfa824522c7e70b04ec433a3
1946,2017,5ad06cd476c1caeff49c9426e03c268447e8baef23615e895c4b57b0d5f4ca12
2013,2018,e5f55f3667eb2b1197c21f62c403719ffe23501c0d180724c00d7ab7d3507794
2016,2016,97c1340b40e3bf5cf9ad8b0c8a6ce588cc3d3a8168f6954bcabf86e8f349f43b
1986,2017,361aee12de222eca4ca2d9a12cc07438c6d113eb5d9c4bc4b330dc43b9742a56
2018,2018,ae899de273cd75984359192e28b80b614da4e1eab9134d9cdad4de2f4051594e
1931,2017,e91e417bbd110d07d89f6984b80d07d95daf9b624fbe1a8e6750f5a16e14e100
2017,2017,d442082969642bd89738987154d6c9264c30d2332d5c8fa98443a9ee505bfb3a
1946,2018,241c409b364ae264765d81953ee8d23f47271841b289f68e7723b7a785c2cc2c
2018,2018,ae899de273cd75984359192e28b80b614da4e1eab9134d9cdad4de2f4051594e
1931,1939,aa5cf725b937986cd3d5a821358e3697656d4fdb719b040be4edd7217a9d9053
2016,2018,47115e668598b3179e73f63445b816160eb1efca72344a72a070c626d3e7daea
2017,2017,d442082969642bd89738987154d6c9264c30d2332d5c8fa98443a9ee505bfb3a
2009,2017,d2a73c64ef575d70173c0b4934194233f1ff12e6b3ac906e349b06b62e66a9ff
1922,2016,865cced9ef908a1a539137bc2dc7d63209dc6afc71da03de06f29afc902ac1a9
1946,1964,0894b6812621c0f2871acac98bef6cad7fad5953024867105dadf34f9f27459e
2017,2018,0ae866c4feb42f7c39d676be74691e4139fd20e2cfa824522c7e70b04ec433a3
2011,2015,33d60f35035b54746905590b975af420b5cbc6955ec6cfcf5f53c8cca7785cdc
1979,2018,9bd137930edf0ef24df6b0b55e572755c9fb8a2f23ef2720486a7ca64ce9d574
2015,2017,883b8142f308e732feb42835a58746df8d014580f6545b0bf056da2ee69d50c3
2015,2015,397bd964383d485962490ed8f7f8bdca5036c5099d7583daec2288783375ed00
2009,2011,2c8f57493122111ac2cc79cf6a658e156d1231c1d2abf62e6f42208212362dc3
2016,2018,47115e668598b3179e73f63445b816160eb1efca72344a72a070c626d3e7daea
2017,2018,0ae866c4feb42f7c39d676be74691e4139fd20e2cfa824522c7e70b04ec433a3
2017,2018,0ae866c4feb42f7c39d676be74691e4139fd20e2cfa824522c7e70b04ec433a3
2017,2017,d442082969642bd89738987154d6c9264c30d2332d5c8fa98443a9ee505bfb3a
1977,2017,cab27c84de4b45b5a007e70c0f63f9d5b47ff49c66ded79d4d2d61a2a5c1f643
1956,2017,72778f579b47d0ae5cfdfc7647042ef3190e29d6b68b3a0e0545f5498be913a6
2015,2015,397bd964383d485962490ed8f7f8bdca5036c5099d7583daec2288783375ed00
2017,2017,d442082969642bd89738987154d6c9264c30d2332d5c8fa98443a9ee505bfb3a
1964,2013,18308a94ed54ee14fec0ff0ea68c98546179b1ebac2caefee130339fab57022a
2018,2018,ae899de273cd75984359192e28b80b614da4e1eab9134d9cdad4de2f4051594e
1956,2008,38505b0e43defc448bbc3dcc866ee8d5022b23dcfb293263d261fc38987e94d2
2012,2013,4ef3d744666a8bfdec50d9eb71e6de8b8e832e50a0d2c1d444e901782746bfd7
1927,2017,6abf8980919248290e7017c8fdfccba1c44a34dc12a74c04a7796b5167e0861c
2018,2018,ae899de273cd75984359192e28b80b614da4e1eab9134d9cdad4de2f4051594e
1940,1940,13fcc82318a0052951c5b21cf843df68df8a920e271be10383b8346d9a50c12c
2008,2016,73ae0296ff41badd8bd39c757aaf3d8e25d02ba1808d2c572c6d5182d9d2b339
1946,2017,5ad06cd476c1caeff49c9426e03c268447e8baef23615e895c4b57b0d5f4ca12
2018,2018,ae899de273cd75984359192e28b80b614da4e1eab9134d9cdad4de2f4051594e
1984,2017,d08fb8be02e08c85ae82019e4cd213f6619d869c9ea45a57e4c988c9322434a9
1927,2017,6abf8980919248290e7017c8fdfccba1c44a34dc12a74c04a7796b5167e0861c
1986,2017,361aee12de222eca4ca2d9a12cc07438c6d113eb5d9c4bc4b330dc43b9742a56
1979,1986,9c785d9bfcf1332794646152e8f737bc9d8f4930ebf0903258b7af99d62235a5
1982,2012,c467097a3547bd95dff48ed105cd68fdf1dc7b301e379a8706df50649f3cedbf
2015,2017,883b8142f308e732feb42835a58746df8d014580f6545b0bf056da2ee69d50c3
1982,2017,85f39f53112ff59736923fddf26f09081b88199e2951f83dff09414d8a9f80b6
2018,2018,ae899de273cd75984359192e28b80b614da4e1eab9134d9cdad4de2f4051594e
2015,2015,397bd964383d485962490ed8f7f8bdca5036c5099d7583daec2288783375ed00
1940,1984,6057b33e5195e8dd4dc8a33a2a94c7cdbc3ef81f93f1a7ad1775b812c0611273
2017,2018,0ae866c4feb42f7c39d676be74691e4139fd20e2cfa824522c7e70b04ec433a3
1982,2016,065fc481932403b51671b772b490c7d6047cf6873c0c394162c01fead901128e
2018,2018,ae899de273cd75984359192e28b80b614da4e1eab9134d9cdad4de2f4051594e
2017,2017,d442082969642bd89738987154d6c9264c30d2332d5c8fa98443a9ee505bfb3a
1931,2017,e91e417bbd110d07d89f6984b80d07d95daf9b624fbe1a8e6750f5a16e14e100
1956,2017,72778f579b47d0ae5cfdfc7647042ef3190e29d6b68b3a0e0545f5498be913a6
1931,2018,69ac48368261a85c0a5ace3316d3cdd307d4c826b0ef052768481dc75d84051e
2017,2017,d442082969642bd89738987154d6c9264c30d2332d5c8fa98443a9ee505bfb3a
1927,1939,62b5798489186ffc77878e2a9d33bd982fd281f1e7c7b56360c62190f0a321ad
2016,2017,e6aa79db1d97e4938bde398be46b1e0b29d6d33fc1bdd3ce78a31935e0320c50
1927,1935,566f78e48fe6031b4c8a1c1eb8dc410b63e024a6351823573c9ad9b3cfd053cd
2015,2018,ca5321c88429f35111ba3c3ddf5d01fc4b2f4adc7bd7487828d6288765d041b5
2018,2018,ae899de273cd75984359192e28b80b614da4e1eab9134d9cdad4de2f4051594e
2017,2018,0ae866c4feb42f7c39d676be74691e4139fd20e2cfa824522c7e70b04ec433a3
1940,2017,407cad9925681e94423c95dc29a8699ee8df5af87fd7295da4e65f04f0f8a634
2016,2017,e6aa79db1d97e4938bde398be46b1e0b29d6d33fc1bdd3ce78a31935e0320c50
2015,2017,883b8142f308e732feb42835a58746df8d014580f6545b0bf056da2ee69d50c3
1939,1979,a6e76366ce0ed5daa636b19bf39c90b2f2a12fcd588f1b30805370928106f3ce
2017,2017,d442082969642bd89738987154d6c9264c30d2332d5c8fa98443a9ee505bfb3a
1986,2015,b8b726c7a8bbebc3d6bed444357bd96f8ad9a32ac00450357c018c7defd6d787
2011,2016,29a11f32e7b4cb4995691b9ac51865c66f5a7ccc55788ea599488634fa469b2d
2017,2017,d442082969642bd89738987154d6c9264c30d2332d5c8fa98443a9ee505bfb3a
2013,2018,e5f55f3667eb2b1197c21f62c403719ffe23501c0d180724c00d7ab7d3507794
2017,2018,0ae866c4feb42f7c39d676be74691e4139fd20e2cfa824522c7e70b04ec433a3
1979,2015,d5aa37d3530c8c0fa4514143fb1f82fd723dc6671a1e3251c4f4d55f76c9a75e
1927,2017,6abf8980919248290e7017c8fdfccba1c44a34dc12a74c04a7796b5167e0861c
2009,2017,d2a73c64ef575d70173c0b4934194233f1ff12e6b3ac906e349b06b62e66a9ff
1984,2012,b1c84ec49608d838bc0782a2324d7db1b8248852c2e3a84f50923df7425ce6e1
2018,2018,ae899de273cd75984359192e28b80b614da4e1eab9134d9cdad4de2f4051594e
2016,2017,e6aa79db1d97e4938bde398be46b1e0b29d6d33fc1bdd3ce78a31935e0320c50
1931,2017,e91e417bbd110d07d89f6984b80d07d95daf9b624fbe1a8e6750f5a16e14e100
2016,2017,e6aa79db1d97e4938bde398be46b1e0b29d6d33fc1bdd3ce78a31935e0320c50
1986,2009,7da12502659f4c184fc66194da82c5931d9a62363e49f7a25306c645ea5894d4
2015,2016,de8927794db5fefa7e0824469038f123eb00ab056b90fc4359a420828086d30e
2018,2018,ae899de273cd75984359192e28b80b614da4e1eab9134d9cdad4de2f4051594e
2017,2017,d442082969642bd89738987154d6c9264c30d2332d5c8fa98443a9ee505bfb3a
1964,2012,3d2db9927b92969820827d9adfc64a86d394bbacb81286f1960cd3786b6d1ea1
2017,2018,0ae866c4feb42f7c39d676be74691e4139fd20e2cfa824522c7e70b04ec433a3
2017,2018,0ae866c4feb42f7c39d676be74691e4139fd20e2cfa824522c7e70b04ec433a3
2018,2018,ae899de273cd75984359192e28b80b614da4e1eab9134d9cdad4de2f4051594e
2017,2017,d442082969642bd89738987154d6c9264c30d2332d5c8fa98443a9ee505bfb3a
2016,2017,e6aa79db1d97e4938bde398be46b1e0b29d6d33fc1bdd3ce78a31935e0320c50
2011,2016,29a11f32e7b4cb4995691b9ac51865c66f5a7ccc55788ea599488634fa469b2d
2017,2018,0ae866c4feb42f7c39d676be74691e4139fd20e2cfa824522c7e70b04ec433a3
1986,2017,361aee12de222eca4ca2d9a12cc07438c6d113eb5d9c4bc4b330dc43b9742a56
2016,2018,47115e668598b3179e73f63445b816160eb1efca72344a72a070c626d3e7daea
2018,2018,ae899de273cd75984359192e28b80b614da4e1eab9134d9cdad4de2f4051594e
2016,2017,e6aa79db1d97e4938bde398be46b1e0b29d6d33fc1bdd3ce78a31935e0320c50
2018,2018,ae899de273cd75984359192e28b80b614da4e1eab9134d9cdad4de2f4051594e
2017,2018,0ae866c4feb42f7c39d676be74691e4139fd20e2cfa824522c7e70b04ec433a3
1984,2018,0092a12f0d39879b0665722eb50df4f724bc898f8e6907786413b5b7962db2e4
1979,2018,9bd137930edf0ef24df6b0b55e572755c9fb8a2f23ef2720486a7ca64ce9d574
1931,2016,446466b9dc1e2c659edd52efadd60c2150df2d7b70ae1dc38dd1e6e23f8b16ed
2018,2018,ae899de273cd75984359192e28b80b614da4e1eab9134d9cdad4de2f4051594e
1940,2009,33695d20e19fd6cb45e1029e1499a02d02a6a12c951c74717a3202934253133c
2016,2018,47115e668598b3179e73f63445b816160eb1efca72344a72a070c626d3e7daea
1937,2010,9668a4ab0c830290daef17b6c68b7f71b179b810884be80d1538e66ce1e5c409
2010,2015,567e80745794cf622e48cd6b7ab71a307613d8e64f46b19392dba7c25d675169
2011,2015,33d60f35035b54746905590b975af420b5cbc6955ec6cfcf5f53c8cca7785cdc
2015,2017,883b8142f308e732feb42835a58746df8d014580f6545b0bf056da2ee69d50c3
2017,2017,d442082969642bd89738987154d6c9264c30d2332d5c8fa98443a9ee505bfb3a
1956,1979,0be4aa09d57c1ceb76b0b48d105410c4351d072bc08076aeed2051f6e7e30672
2018,2018,ae899de273cd75984359192e28b80b614da4e1eab9134d9cdad4de2f4051594e
2017,2017,d442082969642bd89738987154d6c9264c30d2332d5c8fa98443a9ee505bfb3a
1931,1935,182db030dbc45bed8b8bba06746e3460a7181a79ae369f9568adc0fe3de55887
1964,2017,5053197a74fded3740568bbf568d71fb28da9e98fa9828adae52b4b886751592
1935,2017,d209c8625b8d0827389adeda974bf4ac59d392fb356c2d79dff03d2b8edf0093
2009,2017,d2a73c64ef575d70173c0b4934194233f1ff12e6b3ac906e349b06b62e66a9ff
1935,2015,d499fd50b790a03aa222738f96f31ac7b81966f94712148b7ee74a6b4d9ebd09
2017,2017,d442082969642bd89738987154d6c9264c30d2332d5c8fa98443a9ee505bfb3a
2016,2018,47115e668598b3179e73f63445b816160eb1efca72344a72a070c626d3e7daea
2018,2018,ae899de273cd75984359192e28b80b614da4e1eab9134d9cdad4de2f4051594e
2018,2018,ae899de273cd75984359192e28b80b614da4e1eab9134d9cdad4de2f4051594e
1927,2017,6abf8980919248290e7017c8fdfccba1c44a34dc12a74c04a7796b5167e0861c
2018,2018,ae899de273cd75984359192e28b80b614da4e1eab9134d9cdad4de2f4051594e
1927,1982,cc56b6bd7829d27071bd7e0053fdc2762c3880713e4fed4030bafce233b8af28
2017,2018,0ae866c4feb42f7c39d676be74691e4139fd20e2cfa824522c7e70b04ec433a3
1964,2016,0fa745f9b97a3ea2fddbc06530a3940df4788445f10a586fe76604fa275391f4
1956,1977,158eec32f0df791e4160677262f12d2a9adf2bd79af58d0efacd4bce56defc63
2017,2018,0ae866c4feb42f7c39d676be74691e4139fd20e2cfa824522c7e70b04ec433a3
1984,2016,c4e44ba61f473ecb81dceb93ca7113f5466ae92042079b3dd169bc75b7761ffc
1935,2018,09aa47b8d36bfdd98a53ae89771ac61583bb45cb1882d5e691f7c0a9ab31bec4
2017,2018,0ae866c4feb42f7c39d676be74691e4139fd20e2cfa824522c7e70b04ec433a3
2018,2018,ae899de273cd75984359192e28b80b614da4e1eab9134d9cdad4de2f4051594e
1931,2016,446466b9dc1e2c659edd52efadd60c2150df2d7b70ae1dc38dd1e6e23f8b16ed
2017,2018,0ae866c4feb42f7c39d676be74691e4139fd20e2cfa824522c7e70b04ec433a3
2017,2017,d442082969642bd89738987154d6c9264c30d2332d5c8fa98443a9ee505bfb3a
1984,2016,c4e44ba61f473ecb81dceb93ca7113f5466ae92042079b3dd169bc75b7761ffc
2018,2018,ae899de273cd75984359192e28b80b614da4e1eab9134d9cdad4de2f4051594e
2018,2018,ae899de273cd75984359192e28b80b614da4e1eab9134d9cdad4de2f4051594e
2017,2018,0ae866c4feb42f7c39d676be74691e4139fd20e2cfa824522c7e70b04ec433a3
2018,2018,ae899de273cd75984359192e28b80b614da4e1eab9134d9cdad4de2f4051594e
2018,2018,ae899de273cd75984359192e28b80b614da4e1eab9134d9cdad4de2f4051594e
2017,2017,d442082969642bd89738987154d6c9264c30d2332d5c8fa98443a9ee505bfb3a
2009,2015,4082f28143091ccdb06d3af80482cf26fe2b12f53c51e22c7321fa10614a6d07
1931,1964,391e4d814987c3c36c822fc85d634acf26b19a0de1d6e6e83754714b5b3da328
2015,2017,883b8142f308e732feb42835a58746df8d014580f6545b0bf056da2ee69d50c3
2016,2017,e6aa79db1d97e4938bde398be46b1e0b29d6d33fc1bdd3ce78a31935e0320c50
2017,2018,0ae866c4feb42f7c39d676be74691e4139fd20e2cfa824522c7e70b04ec433a3
1937,2018,858b591aa7e13a39a9b2bd5782d2c2a91e0946c5f0920047e9c32d7e4536f774
2016,2017,e6aa79db1d97e4938bde398be46b1e0b29d6d33fc1bdd3ce78a31935e0320c50
1946,2015,739042fe1d156223f4cf524df48cada8f3af0c67e2434b50a4f965fa930dfaf1
2018,2018,ae899de273cd75984359192e28b80b614da4e1eab9134d9cdad4de2f4051594e
1939,2017,dec16fab2ab9c30717d10fab8100893961a0d0bd40dba61d46cabe470cec492d
2016,2018,47115e668598b3179e73f63445b816160eb1efca72344a72a070c626d3e7daea
2015,2017,883b8142f308e732feb42835a58746df8d014580f6545b0bf056da2ee69d50c3
1927,1977,f574367667adc027ae284c9b220b8cd1f7b567717b2d7da20422ce7ffe154292
1986,2010,7b6b00bfb9be321c0046112c7c0b2d9a1e1955d0f7acd00f67541b016a7a3168
1979,2018,9bd137930edf0ef24df6b0b55e572755c9fb8a2f23ef2720486a7ca64ce9d574
1927,1931,a2a8e6b22af9d9c04270ad415fba2fe51e3431dc9cd39ae3234ab6d532375260
1935,1979,4c870df63ff26ab26bdf7dcd73be3c5c83169195636fa404a89f92183e1df489
1946,2015,739042fe1d156223f4cf524df48cada8f3af0c67e2434b50a4f965fa930dfaf1
2010,2016,0d428d1a5e83db5aaaf1965a403b352af6749e9d2048886c11a4e096caed8bd9
1927,2015,4c158b205f3cfaa5733e137716c05d814570ed6a34e118ffd45bca48fa39d967
1946,2015,739042fe1d156223f4cf524df48cada8f3af0c67e2434b50a4f965fa930dfaf1
1977,2015,004efed00e627af70f1d12f0d388e3567c91b83bd34e51663e1893e6145ed4ae
2009,2016,ce539c3d331347937099c3540bf8c38b9c50d68550cf7b4e86732208bbfecbb6
2017,2018,0ae866c4feb42f7c39d676be74691e4139fd20e2cfa824522c7e70b04ec433a3
1977,2015,004efed00e627af70f1d12f0d388e3567c91b83bd34e51663e1893e6145ed4ae
1977,2016,8c5ebd0e6a291cf0791edc68436ffd1b922e3113dbb9e4dd905f4214159bd272
1935,1940,d3ea98c23b587b828960e5570ac5999257f76744cc3442ffb6d748805064b218
1940,2017,407cad9925681e94423c95dc29a8699ee8df5af87fd7295da4e65f04f0f8a634
2015,2017,883b8142f308e732feb42835a58746df8d014580f6545b0bf056da2ee69d50c3
2017,2017,d442082969642bd89738987154d6c9264c30d2332d5c8fa98443a9ee505bfb3a
2012,2017,ff4bd29e3f7c5db93cbb383c253515ffa03decbe044eaf28de60124bcbdc5b2e
1946,2015,739042fe1d156223f4cf524df48cada8f3af0c67e2434b50a4f965fa930dfaf1
1946,1984,0d3fe28c27216be5c28a2676f8d58343b1fa0451cba13fcce1bd8e20576cb9b3
1927,1956,257b9921cc6c8a08ef57d17cc9b874f617de6fbae491d6fa78a517104102b7b7
2017,2018,0ae866c4feb42f7c39d676be74691e4139fd20e2cfa824522c7e70b04ec433a3
1922,2011,ea21e4a20322453c9c65a0b43cafade4a565f06408c6d4667b97274e072262b4
1937,2015,123f7c1e3d6e4f3b15857f2fe261cade6d3d1df257d97c0f4b79736a92c2d0a9
2010,2017,45c3eee4664680622b1c77bca9e81452a5a3a311017c52c78a9310aa685b6c00
2017,2018,0ae866c4feb42f7c39d676be74691e4139fd20e2cfa824522c7e70b04ec433a3
2017,2017,d442082969642bd89738987154d6c9264c30d2332d5c8fa98443a9ee505bfb3a
1964,2008,e8ef43550a6a3ef28aaabdbf5e0843edcec1e1e0efa0d98b37b5786da071c130
2018,2018,ae899de273cd75984359192e28b80b614da4e1eab9134d9cdad4de2f4051594e
2017,2018,0ae866c4feb42f7c39d676be74691e4139fd20e2cfa824522c7e70b04ec433a3
1940,2009,33695d20e19fd6cb45e1029e1499a02d02a6a12c951c74717a3202934253133c
1982,1982,83515d529e3a3a173c585cef6ba2259c942a8aaf3483eb66aab6ea0dd606baea
2018,2018,ae899de273cd75984359192e28b80b614da4e1eab9134d9cdad4de2f4051594e
2018,2018,ae899de273cd75984359192e28b80b614da4e1eab9134d9cdad4de2f4051594e
1946,2017,5ad06cd476c1caeff49c9426e03c268447e8baef23615e895c4b57b0d5f4ca12
2008,2009,c679997dc55c5aa2056fc4b4c8c64a0e1fd739670b3ae9ea88fd144e4d232ab6
1939,2011,62921e62bf223da3bf3d6377d6eff96d9b67b062cce7611c8295f7a364492c20
2009,2013,11a9d61b8325151533a4f52c39b3c470c4e81a2c882fc14f7e8ced2e77ef9da2
2018,2018,ae899de273cd75984359192e28b80b614da4e1eab9134d9cdad4de2f4051594e
2009,2018,1774ce81f5a0dc15cd170811c79c78e0861a14a6593b17f87365fcf19d802d55
1956,2017,72778f579b47d0ae5cfdfc7647042ef3190e29d6b68b3a0e0545f5498be913a6
2015,2015,397bd964383d485962490ed8f7f8bdca5036c5099d7583daec2288783375ed00
2008,2009,c679997dc55c5aa2056fc4b4c8c64a0e1fd739670b3ae9ea88fd144e4d232ab6
2015,2018,ca5321c88429f35111ba3c3ddf5d01fc4b2f4adc7bd7487828d6288765d041b5
2018,2018,ae899de273cd75984359192e28b80b614da4e1eab9134d9cdad4de2f4051594e
1922,1986,e998cf2d394d99be9812a366b1fbfff0b5eaeada09bc7a0cfaa04f8d2b60f6a0
2015,2016,de8927794db5fefa7e0824469038f123eb00ab056b90fc4359a420828086d30e
1927,1977,f574367667adc027ae284c9b220b8cd1f7b567717b2d7da20422ce7ffe154292
1940,1982,5e437fcba9645a6b13df010a0a65de60f3f634fce2074abad8ec077a994f3dc6
2017,2017,d442082969642bd89738987154d6c9264c30d2332d5c8fa98443a9ee505bfb3a
2017,2018,0ae866c4feb42f7c39d676be74691e4139fd20e2cfa824522c7e70b04ec433a3
1939,2015,d58c8b376dc99a38f16a910a36d902bd0833de5cdb84c501aea8dcbccf45b336
1984,2011,da5e54583fa3aa615233b9ac39ca507a69461db09d4f3a6cf7fa9fea99378b8d
2016,2016,97c1340b40e3bf5cf9ad8b0c8a6ce588cc3d3a8168f6954bcabf86e8f349f43b
1956,2013,25f759ee448662ec937b1cb67d52c642860d74b1dead304081ead9be365685dc
1935,1984,03cec894e1f92797ac8bc6d5a411d289f3185960a04b06540eb1f45ed77bf4ea
1940,2017,407cad9925681e94423c95dc29a8699ee8df5af87fd7295da4e65f04f0f8a634
1922,1922,0d2601f8f2e08fb07148ac6edcb1259397e37c4f5bd12851065b2cfaa46fed06
2017,2018,0ae866c4feb42f7c39d676be74691e4139fd20e2cfa824522c7e70b04ec433a3
1984,2018,0092a12f0d39879b0665722eb50df4f724bc898f8e6907786413b5b7962db2e4
1927,1956,257b9921cc6c8a08ef57d17cc9b874f617de6fbae491d6fa78a517104102b7b7
1935,2015,d499fd50b790a03aa222738f96f31ac7b81966f94712148b7ee74a6b4d9ebd09
2016,2017,e6aa79db1d97e4938bde398be46b1e0b29d6d33fc1bdd3ce78a31935e0320c50
1931,2015,945aaa4c555a1ac948aa57bc6f31b19658381be97561c3400e9261174387fa86
2016,2017,e6aa79db1d97e4938bde398be46b1e0b29d6d33fc1bdd3ce78a31935e0320c50
1946,2017,5ad06cd476c1caeff49c9426e03c268447e8baef23615e895c4b57b0d5f4ca12
2011,2016,29a11f32e7b4cb4995691b9ac51865c66f5a7ccc55788ea599488634fa469b2d
2017,2017,d442082969642bd89738987154d6c9264c30d2332d5c8fa98443a9ee505bfb3a
2009,2017,d2a73c64ef575d70173c0b4934194233f1ff12e6b3ac906e349b06b62e66a9ff
2017,2017,d442082969642bd89738987154d6c9264c30d2332d5c8fa98443a9ee505bfb3a
2015,2016,de8927794db5fefa7e0824469038f123eb00ab056b90fc4359a420828086d30e
2017,2017,d442082969642bd89738987154d6c9264c30d2332d5c8fa98443a9ee505bfb3a
1931,1935,182db030dbc45bed8b8bba06746e3460a7181a79ae369f9568adc0fe3de55887
2017,2017,d442082969642bd89738987154d6c9264c30d2332d5c8fa98443a9ee505bfb3a
1940,2017,407cad9925681e94423c95dc29a8699ee8df5af87fd7295da4e65f04f0f8a634
1946,1984,0d3fe28c27216be5c28a2676f8d58343b1fa0451cba13fcce1bd8e20576cb9b3
2017,2018,0ae866c4feb42f7c39d676be74691e4139fd20e2cfa824522c7e70b04ec433a3
2016,2016,97c1340b40e3bf5cf9ad8b0c8a6ce588cc3d3a8168f6954bcabf86e8f349f43b
1956,2018,d5c7dee11a7fbbf6e794332c1791c7b3fc4e8f20d50cdb2affa66981f468002b
2017,2017,d442082969642bd89738987154d6c9264c30d2332d5c8fa98443a9ee505bfb3a
1979,2013,0a4ec0849866532f0a8e7242dcb2a39cfa2620dc902c17c3472b8296f961877b
1931,2017,e91e417bbd110d07d89f6984b80d07d95daf9b624fbe1a8e6750f5a16e14e100
2017,2018,0ae866c4feb42f7c39d676be74691e4139fd20e2cfa824522c7e70b04ec433a3
1940,1940,13fcc82318a0052951c5b21cf843df68df8a920e271be10383b8346d9a50c12c
2017,2017,d442082969642bd89738987154d6c9264c30d2332d5c8fa98443a9ee505bfb3a
2016,2018,47115e668598b3179e73f63445b816160eb1efca72344a72a070c626d3e7daea
2018,2018,ae899de273cd75984359192e28b80b614da4e1eab9134d9cdad4de2f4051594e
2018,2018,ae899de273cd75984359192e28b80b614da4e1eab9134d9cdad4de2f4051594e
1977,2017,cab27c84de4b45b5a007e70c0f63f9d5b47ff49c66ded79d4d2d61a2a5c1f643
1979,2017,4b8706ae72444b4a028910038637a71502b5d0c10eb2d7f8efed2831e3a59096
2013,2017,0d53bef627c80c58f08df9b2e82efdfe77dd098f5fc3a77486e79e600c20b8a5
2018,2018,ae899de273cd75984359192e28b80b614da4e1eab9134d9cdad4de2f4051594e
1979,1986,9c785d9bfcf1332794646152e8f737bc9d8f4930ebf0903258b7af99d62235a5
2018,2018,ae899de273cd75984359192e28b80b614da4e1eab9134d9cdad4de2f4051594e
2015,2017,883b8142f308e732feb42835a58746df8d014580f6545b0bf056da2ee69d50c3
2016,2018,47115e668598b3179e73f63445b816160eb1efca72344a72a070c626d3e7daea
1977,2017,cab27c84de4b45b5a007e70c0f63f9d5b47ff49c66ded79d4d2d61a2a5c1f643
1931,2009,260549bbf887bb802e5304ca94a0df788a80d7ef79892c92389955fa9e4fff60
1922,1984,e1fad5e20cd6ae2222f14783e2d55cb1dd8b63a252cde49d511f907a81faf29f
1979,2018,9bd137930edf0ef24df6b0b55e572755c9fb8a2f23ef2720486a7ca64ce9d574
2017,2017,d442082969642bd89738987154d6c9264c30d2332d5c8fa98443a9ee505bfb3a
2018,2018,ae899de273cd75984359192e28b80b614da4e1eab9134d9cdad4de2f4051594e
2013,2017,0d53bef627c80c58f08df9b2e82efdfe77dd098f5fc3a77486e79e600c20b8a5
2017,2018,0ae866c4feb42f7c39d676be74691e4139fd20e2cfa824522c7e70b04ec433a3
1984,2017,d08fb8be02e08c85ae82019e4cd213f6619d869c9ea45a57e4c988c9322434a9
2015,2017,883b8142f308e732feb42835a58746df8d014580f6545b0bf056da2ee69d50c3
2017,2018,0ae866c4feb42f7c39d676be74691e4139fd20e2cfa824522c7e70b04ec433a3
1946,2012,f2b89b92fc747afe0a080c651db35816e4d83351658f9a1ebb3773e46fb85af0
1939,2009,0800329b0aab6cd756ad20fece1ac71fc2a9f714342ead013b11558febff2cd5
1922,2018,1de08aa11aea3975f1cb26a5496b3be83a37146dff324bbd2d20481827a76081
2017,2017,d442082969642bd89738987154d6c9264c30d2332d5c8fa98443a9ee505bfb3a
2015,2017,883b8142f308e732feb42835a58746df8d014580f6545b0bf056da2ee69d50c3
2018,2018,ae899de273cd75984359192e28b80b614da4e1eab9134d9cdad4de2f4051594e
1939,2017,dec16fab2ab9c30717d10fab8100893961a0d0bd40dba61d46cabe470cec492d
2017,2018,0ae866c4feb42f7c39d676be74691e4139fd20e2cfa824522c7e70b04ec433a3
2017,2017,d442082969642bd89738987154d6c9264c30d2332d5c8fa98443a9ee505bfb3a
2018,2018,ae899de273cd75984359192e28b80b614da4e1eab9134d9cdad4de2f4051594e
2009,2016,ce539c3d331347937099c3540bf8c38b9c50d68550cf7b4e86732208bbfecbb6
2008,2008,55e1586fddd12cd405c12d55fbe520c031b0191723a7add547ed216f381774ec
2015,2018,ca5321c88429f35111ba3c3ddf5d01fc4b2f4adc7bd7487828d6288765d041b5
2017,2017,d442082969642bd89738987154d6c9264c30d2332d5c8fa98443a9ee505bfb3a
2017,2018,0ae866c4feb42f7c39d676be74691e4139fd20e2cfa824522c7e70b04ec433a3
1927,2017,6abf8980919248290e7017c8fdfccba1c44a34dc12a74c04a7796b5167e0861c
2016,2017,e6aa79db1d97e4938bde398be46b1e0b29d6d33fc1bdd3ce78a31935e0320c50
1940,2016,acc35ebd079cea00e07e2f3d179c1561c638000cfcd2f067f7ef35a4c88e29fe
1935,2017,d209c8625b8d0827389adeda974bf4ac59d392fb356c2d79dff03d2b8edf0093
1946,2018,241c409b364ae264765d81953ee8d23f47271841b289f68e7723b7a785c2cc2c
2017,2017,d442082969642bd89738987154d6c9264c30d2332d5c8fa98443a9ee505bfb3a
2017,2018,0ae866c4feb42f7c39d676be74691e4139fd20e2cfa824522c7e70b04ec433a3
2008,2017,dabb61cc33870e155ab6aa807e94cb9f16dc357b850b2879557d831c6c237c5a
2015,2018,ca5321c88429f35111ba3c3ddf5d01fc4b2f4adc7bd7487828d6288765d041b5
2017,2018,0ae866c4feb42f7c39d676be74691e4139fd20e2cfa824522c7e70b04ec433a3
2008,2018,b34d8f6c9176f692347442386a136f4ea008174c0ebe521a26d9db40f82b14ee
2017,2018,0ae866c4feb42f7c39d676be74691e4139fd20e2cfa824522c7e70b04ec433a3
1946,2017,5ad06cd476c1caeff49c9426e03c268447e8baef23615e895c4b57b0d5f4ca12
1927,2018,355c86ac6bdcf2ae9f8d118c2a0cce7e38999ffdb8a0e6f0e55dfba2f660c5f7
2016,2017,e6aa79db1d97e4938bde398be46b1e0b29d6d33fc1bdd3ce78a31935e0320c50
1964,2017,5053197a74fded3740568bbf568d71fb28da9e98fa9828adae52b4b886751592
2015,2017,883b8142f308e732feb42835a58746df8d014580f6545b0bf056da2ee69d50c3
2017,2018,0ae866c4feb42f7c39d676be74691e4139fd20e2cfa824522c7e70b04ec433a3
1940,2018,a625575eb43580eba97b10fad6d5cceb693fb3afc293e0b8ff8483191cf63103
2017,2017,d442082969642bd89738987154d6c9264c30d2332d5c8fa98443a9ee505bfb3a
2013,2015,c459a11a88db398a9ab392412f8833b10b63a0e4b2a661376ec546338b3e82b7
2017,2018,0ae866c4feb42f7c39d676be74691e4139fd20e2cfa824522c7e70b04ec433a3
1977,2017,cab27c84de4b45b5a007e70c0f63f9d5b47ff49c66ded79d4d2d61a2a5c1f643
2016,2018,47115e668598b3179e73f63445b816160eb1efca72344a72a070c626d3e7daea
1935,2018,09aa47b8d36bfdd98a53ae89771ac61583bb45cb1882d5e691f7c0a9ab31bec4
2018,2018,ae899de273cd75984359192e28b80b614da4e1eab9134d9cdad4de2f4051594e
2018,2018,ae899de273cd75984359192e28b80b614da4e1eab9134d9cdad4de2f4051594e
1922,1977,cffd61378d07f4eb8e8f24c81a74e0cc6643d19cb69b33f20cb38821eba99bc2
2017,2018,0ae866c4feb42f7c39d676be74691e4139fd20e2cfa824522c7e70b04ec433a3
2016,2017,e6aa79db1d97e4938bde398be46b1e0b29d6d33fc1bdd3ce78a31935e0320c50
2015,2016,de8927794db5fefa7e0824469038f123eb00ab056b90fc4359a420828086d30e
2018,2018,ae899de273cd75984359192e28b80b614da4e1eab9134d9cdad4de2f4051594e
2016,2016,97c1340b40e3bf5cf9ad8b0c8a6ce588cc3d3a8168f6954bcabf86e8f349f43b
2016,2018,47115e668598b3179e73f63445b816160eb1efca72344a72a070c626d3e7daea
2017,2017,d442082969642bd89738987154d6c9264c30d2332d5c8fa98443a9ee505bfb3a
1922,2009,d58007817c7f3b172a3431f79416b1b0d77c1f998361b593d888277a487de747
1979,2017,4b8706ae72444b4a028910038637a71502b5d0c10eb2d7f8efed2831e3a59096
1964,2017,5053197a74fded3740568bbf568d71fb28da9e98fa9828adae52b4b886751592
2017,2018,0ae866c4feb42f7c39d676be74691e4139fd20e2cfa824522c7e70b04ec433a3
2017,2017,d442082969642bd89738987154d6c9264c30d2332d5c8fa98443a9ee505bfb3a
1927,1927,e70727526de8c9cfd7913154fb7ffafe4d4fb02abda15289527782c59f30d062
2017,2018,0ae866c4feb42f7c39d676be74691e4139fd20e2cfa824522c7e70b04ec433a3
1964,1964,8870e90cfbebf8cf6f539733c846fa3e8aa71519c4347b9c40b4d92fb1698b1d
2013,2013,f6d24a788aa870f2f2d6f8d4b2acac668ebce5d818971ef109036ebe0645efa1
2015,2017,883b8142f308e732feb42835a58746df8d014580f6545b0bf056da2ee69d50c3
2015,2018,ca5321c88429f35111ba3c3ddf5d01fc4b2f4adc7bd7487828d6288765d041b5
2018,2018,ae899de273cd75984359192e28b80b614da4e1eab9134d9cdad4de2f4051594e
1937,2008,2be1dc98de47305f176fd9761aacf5012014e8677a32490390fd4811151443ef
2017,2018,0ae866c4feb42f7c39d676be74691e4139fd20e2cfa824522c7e70b04ec433a3
2017,2018,0ae866c4feb42f7c39d676be74691e4139fd20e2cfa824522c7e70b04ec433a3
2018,2018,ae899de273cd75984359192e28b80b614da4e1eab9134d9cdad4de2f4051594e
2016,2017,e6aa79db1d97e4938bde398be46b1e0b29d6d33fc1bdd3ce78a31935e0320c50
1940,2017,407cad9925681e94423c95dc29a8699ee8df5af87fd7295da4e65f04f0f8a634
2018,2018,ae899de273cd75984359192e28b80b614da4e1eab9134d9cdad4de2f4051594e
2017,2017,d442082969642bd89738987154d6c9264c30d2332d5c8fa98443a9ee505bfb3a
1982,2015,02a0e9ab0d18724b65c341f2c6e470a3015f3fdb368c5f67ea5c845ab421ea11
1964,1979,bf05a39fd14f2f8e27189ccd325e4e829d721e8857cbe8697d45d19b183ec0c6
2016,2017,e6aa79db1d97e4938bde398be46b1e0b29d6d33fc1bdd3ce78a31935e0320c50
1927,1979,4359629b7258193ca35474eaacfef5ae5adf09268b2ba892e7651385d49e25e4
1984,2012,b1c84ec49608d838bc0782a2324d7db1b8248852c2e3a84f50923df7425ce6e1
1931,1946,63086419a6ba4cf25382b31767cf88105f6a2d063be6b84e68a2fcf42c33b337
2013,2015,c459a11a88db398a9ab392412f8833b10b63a0e4b2a661376ec546338b3e82b7
2017,2018,0ae866c4feb42f7c39d676be74691e4139fd20e2cfa824522c7e70b04ec433a3
1956,2018,d5c7dee11a7fbbf6e794332c1791c7b3fc4e8f20d50cdb2affa66981f468002b
2013,2013,f6d24a788aa870f2f2d6f8d4b2acac668ebce5d818971ef109036ebe0645efa1
2011,2017,2455b0b5e2b783414cef0f7f6bdb8bad79eaefc4367f0c6fd32f22c8ff49a873
2018,2018,ae899de273cd75984359192e28b80b614da4e1eab9134d9cdad4de2f4051594e
2017,2017,d442082969642bd89738987154d6c9264c30d2332d5c8fa98443a9ee505bfb3a
2018,2018,ae899de273cd75984359192e28b80b614da4e1eab9134d9cdad4de2f4051594e
2013,2016,4a29f8600c985cee97966965e9a159a773e4443949d92df0aaf8abbdc81f757f
2010,2016,0d428d1a5e83db5aaaf1965a403b352af6749e9d2048886c11a4e096caed8bd9
1977,2017,cab27c84de4b45b5a007e70c0f63f9d5b47ff49c66ded79d4d2d61a2a5c1f643
1931,1964,391e4d814987c3c36c822fc85d634acf26b19a0de1d6e6e83754714b5b3da328
2017,2018,0ae866c4feb42f7c39d676be74691e4139fd20e2cfa824522c7e70b04ec433a3
1935,2017,d209c8625b8d0827389adeda974bf4ac59d392fb356c2d79dff03d2b8edf0093
2015,2018,ca5321c88429f35111ba3c3ddf5d01fc4b2f4adc7bd7487828d6288765d041b5
2015,2017,883b8142f308e732feb42835a58746df8d014580f6545b0bf056da2ee69d50c3
2016,2018,47115e668598b3179e73f63445b816160eb1efca72344a72a070c626d3e7daea
1977,2016,8c5ebd0e6a291cf0791edc68436ffd1b922e3113dbb9e4dd905f4214159bd272
2013,2018,e5f55f3667eb2b1197c21f62c403719ffe23501c0d180724c00d7ab7d3507794
2017,2017,d442082969642bd89738987154d6c9264c30d2332d5c8fa98443a9ee505bfb3a
2017,2018,0ae866c4feb42f7c39d676be74691e4139fd20e2cfa824522c7e70b04ec433a3
1940,1956,ec09a6ade1b859fce269ab4d30443e3ac79fa3cdee34466ae43e079f2a2236ff
2015,2015,397bd964383d485962490ed8f7f8bdca5036c5099d7583daec2288783375ed00
1931,2008,45f21e11ae40c2e2fa46c9af1acdc3096c066dbf07b4914f9a4d4ce6bac78328
2013,2015,c459a11a88db398a9ab392412f8833b10b63a0e4b2a661376ec546338b3e82b7
1939,1982,f4f7ab67e69b59ffee2564dd5576b5e1e13c44d114a855af061830052d0d9cbc
2018,2018,ae899de273cd75984359192e28b80b614da4e1eab9134d9cdad4de2f4051594e
2017,2017,d442082969642bd89738987154d6c9264c30d2332d5c8fa98443a9ee505bfb3a
2018,2018,ae899de273cd75984359192e28b80b614da4e1eab9134d9cdad4de2f4051594e
1940,2015,26977755782a4909011802246333716cb0acb4d649577423d592244d69928404
2017,2017,d442082969642bd89738987154d6c9264c30d2332d5c8fa98443a9ee505bfb3a
2016,2017,e6aa79db1d97e4938bde398be46b1e0b29d6d33fc1bdd3ce78a31935e0320c50
1931,2008,45f21e11ae40c2e2fa46c9af1acdc3096c066dbf07b4914f9a4d4ce6bac78328
2015,2017,883b8142f308e732feb42835a58746df8d014580f6545b0bf056da2ee69d50c3
1946,2018,241c409b364ae264765d81953ee8d23f47271841b289f68e7723b7a785c2cc2c
2016,2017,e6aa79db1d97e4938bde398be46b1e0b29d6d33fc1bdd3ce78a31935e0320c50
2009,2012,0dec3d1edb4f47e525006011b08f78e5e4e6047a50a8996151db3dc83b6160ba
1964,2017,5053197a74fded3740568bbf568d71fb28da9e98fa9828adae52b4b886751592
1935,2018,09aa47b8d36bfdd98a53ae89771ac61583bb45cb1882d5e691f7c0a9ab31bec4
2017,2017,d442082969642bd89738987154d6c9264c30d2332d5c8fa98443a9ee505bfb3a
2017,2018,0ae866c4feb42f7c39d676be74691e4139fd20e2cfa824522c7e70b04ec433a3
2015,2017,883b8142f308e732feb42835a58746df8d014580f6545b0bf056da2ee69d50c3
2009,2017,d2a73c64ef575d70173c0b4934194233f1ff12e6b3ac906e349b06b62e66a9ff
2015,2015,397bd964383d485962490ed8f7f8bdca5036c5099d7583daec2288783375ed00
1986,2017,361aee12de222eca4ca2d9a12cc07438c6d113eb5d9c4bc4b330dc43b9742a56
2016,2017,e6aa79db1d97e4938bde398be46b1e0b29d6d33fc1bdd3ce78a31935e0320c50
2008,2015,a5906886cd60f79ed858449c026c88fab7b1969b551134d23f127ac58005394a
1982,1986,5627fc22cf312a186292d455d2f5b82f3305bcb412d55bf5814fa08477b5593e
2017,2018,0ae866c4feb42f7c39d676be74691e4139fd20e2cfa824522c7e70b04ec433a3
2012,2013,4ef3d744666a8bfdec50d9eb71e6de8b8e832e50a0d2c1d444e901782746bfd7
2017,2018,0ae866c4feb42f7c39d676be74691e4139fd20e2cfa824522c7e70b04ec433a3
2010,2012,7228f79997e2c8f20f94b677327643b4ecca7e3490058de2321823c43a495d2d
1946,1964,0894b6812621c0f2871acac98bef6cad7fad5953024867105dadf34f9f27459e
2017,2017,d442082969642bd89738987154d6c9264c30d2332d5c8fa98443a9ee505bfb3a
1922,2012,e95121cc8a8a2a7ebdc110d30c03d6ce2a060c96ac875c618854b9fbd59f4f68
2016,2017,e6aa79db1d97e4938bde398be46b1e0b29d6d33fc1bdd3ce78a31935e0320c50
1922,1931,c774769d77ee00d9c67da4c4cb1c9594bb805ab5b382a7296d66455b3f44d9ac
1956,1979,0be4aa09d57c1ceb76b0b48d105410c4351d072bc08076aeed2051f6e7e30672
1956,2017,72778f579b47d0ae5cfdfc7647042ef3190e29d6b68b3a0e0545f5498be913a6
1982,2015,02a0e9ab0d18724b65c341f2c6e470a3015f3fdb368c5f67ea5c845ab421ea11
2018,2018,ae899de273cd75984359192e28b80b614da4e1eab9134d9cdad4de2f4051594e
2010,2015,567e80745794cf622e48cd6b7ab71a307613d8e64f46b19392dba7c25d675169
2012,2018,eb2420936c99ae0c0874edc8b95224ff583686337e21abf7b7c72a9e7e85f54c
2015,2017,883b8142f308e732feb42835a58746df8d014580f6545b0bf056da2ee69d50c3
1939,2017,dec16fab2ab9c30717d10fab8100893961a0d0bd40dba61d46cabe470cec492d
2017,2018,0ae866c4feb42f7c39d676be74691e4139fd20e2cfa824522c7e70b04ec433a3
2017,2018,0ae866c4feb42f7c39d676be74691e4139fd20e2cfa824522c7e70b04ec433a3
2017,2018,0ae866c4feb42f7c39d676be74691e4139fd20e2cfa824522c7e70b04ec433a3
1922,1979,46f05399c925a199b80a6612eb3ff3117bf9d20660303296002a67cee2536dc0
2010,2017,45c3eee4664680622b1c77bca9e81452a5a3a311017c52c78a9310aa685b6c00
1922,1922,0d2601f8f2e08fb07148ac6edcb1259397e37c4f5bd12851065b2cfaa46fed06
1984,2008,4588a951f947a75ea71891a958944bbce36d9735fc447e0ac0ba936f6fb0f3dd
2016,2017,e6aa79db1d97e4938bde398be46b1e0b29d6d33fc1bdd3ce78a31935e0320c50
2015,2017,883b8142f308e732feb42835a58746df8d014580f6545b0bf056da2ee69d50c3
1940,2017,407cad9925681e94423c95dc29a8699ee8df5af87fd7295da4e65f04f0f8a634
2012,2017,ff4bd29e3f7c5db93cbb383c253515ffa03decbe044eaf28de60124bcbdc5b2e
1940,2017,407cad9925681e94423c95dc29a8699ee8df5af87fd7295da4e65f04f0f8a634
2017,2017,d442082969642bd89738987154d6c9264c30d2332d5c8fa98443a9ee505bfb3a
2011,2017,2455b0b5e2b783414cef0f7f6bdb8bad79eaefc4367f0c6fd32f22c8ff49a873
1939,2018,e30f8d3ee2cbd74a0fed973a747e774ddd16fdfd6da561543b13e41b8d2af247
1984,2017,d08fb8be02e08c85ae82019e4cd213f6619d869c9ea45a57e4c988c9322434a9
2015,2018,ca5321c88429f35111ba3c3ddf5d01fc4b2f4adc7bd7487828d6288765d041b5
2018,2018,ae899de273cd75984359192e28b80b614da4e1eab9134d9cdad4de2f4051594e
1931,2017,e91e417bbd110d07d89f6984b80d07d95daf9b624fbe1a8e6750f5a16e14e100
2018,2018,ae899de273cd75984359192e28b80b614da4e1eab9134d9cdad4de2f4051594e
2016,2016,97c1340b40e3bf5cf9ad8b0c8a6ce588cc3d3a8168f6954bcabf86e8f349f43b
2018,2018,ae899de273cd75984359192e28b80b614da4e1eab9134d9cdad4de2f4051594e
1939,2011,62921e62bf223da3bf3d6377d6eff96d9b67b062cce7611c8295f7a364492c20
2017,2017,d442082969642bd89738987154d6c9264c30d2332d5c8fa98443a9ee505bfb3a
2017,2018,0ae866c4feb42f7c39d676be74691e4139fd20e2cfa824522c7e70b04ec433a3
2017,2017,d442082969642bd89738987154d6c9264c30d2332d5c8fa98443a9ee505bfb3a
2018,2018,ae899de273cd75984359192e28b80b614da4e1eab9134d9cdad4de2f4051594e
1931,1964,391e4d814987c3c36c822fc85d634acf26b19a0de1d6e6e83754714b5b3da328
2017,2018,0ae866c4feb42f7c39d676be74691e4139fd20e2cfa824522c7e70b04ec433a3
2010,2017,45c3eee4664680622b1c77bca9e81452a5a3a311017c52c78a9310aa685b6c00
2013,2015,c459a11a88db398a9ab392412f8833b10b63a0e4b2a661376ec546338b3e82b7
1935,2017,d209c8625b8d0827389adeda974bf4ac59d392fb356c2d79dff03d2b8edf0093
2016,2018,47115e668598b3179e73f63445b816160eb1efca72344a72a070c626d3e7daea
1964,2017,5053197a74fded3740568bbf568d71fb28da9e98fa9828adae52b4b886751592
2017,2018,0ae866c4feb42f7c39d676be74691e4139fd20e2cfa824522c7e70b04ec433a3
1964,2016,0fa745f9b97a3ea2fddbc06530a3940df4788445f10a586fe76604fa275391f4
2018,2018,ae899de273cd75984359192e28b80b614da4e1eab9134d9cdad4de2f4051594e
1979,2017,4b8706ae72444b4a028910038637a71502b5d0c10eb2d7f8efed2831e3a59096
2017,2017,d442082969642bd89738987154d6c9264c30d2332d5c8fa98443a9ee505bfb3a
2017,2018,0ae866c4feb42f7c39d676be74691e4139fd20e2cfa824522c7e70b04ec433a3
2015,2017,883b8142f308e732feb42835a58746df8d014580f6545b0bf056da2ee69d50c3
2013,2017,0d53bef627c80c58f08df9b2e82efdfe77dd098f5fc3a77486e79e600c20b8a5
2018,2018,ae899de273cd75984359192e28b80b614da4e1eab9134d9cdad4de2f4051594e
2016,2017,e6aa79db1d97e4938bde398be46b1e0b29d6d33fc1bdd3ce78a31935e0320c50
2012,2017,ff4bd29e3f7c5db93cbb383c253515ffa03decbe044eaf28de60124bcbdc5b2e
1956,2018,d5c7dee11a7fbbf6e794332c1791c7b3fc4e8f20d50cdb2affa66981f468002b
2017,2017,d442082969642bd89738987154d6c9264c30d2332d5c8fa98443a9ee505bfb3a
1922,2017,9b92356ffbe2804ad39acb9f7221fca29c19cb9d37c501a57226aadb79ec8b49
1940,2017,407cad9925681e94423c95dc29a8699ee8df5af87fd7295da4e65f04f0f8a634
1982,2010,11e11157c8c4bf27c868fee2496ec78bc61bc9b701b1b16ed2979d4c7d673369
2011,2017,2455b0b5e2b783414cef0f7f6bdb8bad79eaefc4367f0c6fd32f22c8ff49a873
1935,2017,d209c8625b8d0827389adeda974bf4ac59d392fb356c2d79dff03d2b8edf0093
2017,2017,d442082969642bd89738987154d6c9264c30d2332d5c8fa98443a9ee505bfb3a
1927,2017,6abf8980919248290e7017c8fdfccba1c44a34dc12a74c04a7796b5167e0861c
2008,2015,a5906886cd60f79ed858449c026c88fab7b1969b551134d23f127ac58005394a
2012,2018,eb2420936c99ae0c0874edc8b95224ff583686337e21abf7b7c72a9e7e85f54c
1956,2017,72778f579b47d0ae5cfdfc7647042ef3190e29d6b68b3a0e0545f5498be913a6
2018,2018,ae899de273cd75984359192e28b80b614da4e1eab9134d9cdad4de2f4051594e
2017,2017,d442082969642bd89738987154d6c9264c30d2332d5c8fa98443a9ee505bfb3a
1946,2018,241c409b364ae264765d81953ee8d23f47271841b289f68e7723b7a785c2cc2c
1922,2010,d93f676fd862c71e9d870590da766ee222d1712b8024c6ddea08fae1cead6f33
2015,2018,ca5321c88429f35111ba3c3ddf5d01fc4b2f4adc7bd7487828d6288765d041b5
1977,2017,cab27c84de4b45b5a007e70c0f63f9d5b47ff49c66ded79d4d2d61a2a5c1f643
1937,2013,430860cb10bd6316789456185cfeb6cf022dcb9785c83da43f04d727cb80aef4
1964,2017,5053197a74fded3740568bbf568d71fb28da9e98fa9828adae52b4b886751592
2015,2016,de8927794db5fefa7e0824469038f123eb00ab056b90fc4359a420828086d30e
2017,2018,0ae866c4feb42f7c39d676be74691e4139fd20e2cfa824522c7e70b04ec433a3
1937,2013,430860cb10bd6316789456185cfeb6cf022dcb9785c83da43f04d727cb80aef4
2011,2017,2455b0b5e2b783414cef0f7f6bdb8bad79eaefc4367f0c6fd32f22c8ff49a873
2008,2017,dabb61cc33870e155ab6aa807e94cb9f16dc357b850b2879557d831c6c237c5a
2015,2018,ca5321c88429f35111ba3c3ddf5d01fc4b2f4adc7bd7487828d6288765d041b5
2018,2018,ae899de273cd75984359192e28b80b614da4e1eab9134d9cdad4de2f4051594e
2017,2017,d442082969642bd89738987154d6c9264c30d2332d5c8fa98443a9ee505bfb3a
2009,2015,4082f28143091ccdb06d3af80482cf26fe2b12f53c51e22c7321fa10614a6d07
2015,2015,397bd964383d485962490ed8f7f8bdca5036c5099d7583daec2288783375ed00
1982,2017,85f39f53112ff59736923fddf26f09081b88199e2951f83dff09414d8a9f80b6
1986,2013,88f4c3fcb914892636f6c7ac87c2c4ce283ff8745c6186292fdaa9879e056367
2018,2018,ae899de273cd75984359192e28b80b614da4e1eab9134d9cdad4de2f4051594e
2018,2018,ae899de273cd75984359192e28b80b614da4e1eab9134d9cdad4de2f4051594e
2018,2018,ae899de273cd75984359192e28b80b614da4e1eab9134d9cdad4de2f4051594e
2017,2018,0ae866c4feb42f7c39d676be74691e4139fd20e2cfa824522c7e70b04ec433a3
1935,1946,c72bf13f1afa7a8fadde56a560004b192132a1849c710aefd343a6010f591d22
1982,2017,85f39f53112ff59736923fddf26f09081b88199e2951f83dff09414d8a9f80b6
2011,2016,29a11f32e7b4cb4995691b9ac51865c66f5a7ccc55788ea599488634fa469b2d
2010,2017,45c3eee4664680622b1c77bca9e81452a5a3a311017c52c78a9310aa685b6c00
2018,2018,ae899de273cd75984359192e28b80b614da4e1eab9134d9cdad4de2f4051594e
1979,2016,5648fe84776bf91fe08d8cc1235ff4ca1920a96a58cab4d0f9b69264b07b8b4f
2017,2018,0ae866c4feb42f7c39d676be74691e4139fd20e2cfa824522c7e70b04ec433a3
2017,2018,0ae866c4feb42f7c39d676be74691e4139fd20e2cfa824522c7e70b04ec433a3
2016,2017,e6aa79db1d97e4938bde398be46b1e0b29d6d33fc1bdd3ce78a31935e0320c50
2009,2015,4082f28143091ccdb06d3af80482cf26fe2b12f53c51e22c7321fa10614a6d07
2015,2017,883b8142f308e732feb42835a58746df8d014580f6545b0bf056da2ee69d50c3
2017,2018,0ae866c4feb42f7c39d676be74691e4139fd20e2cfa824522c7e70b04ec433a3
2008,2017,dabb61cc33870e155ab6aa807e94cb9f16dc357b850b2879557d831c6c237c5a
2015,2017,883b8142f308e732feb42835a58746df8d014580f6545b0bf056da2ee69d50c3
1940,2017,407cad9925681e94423c95dc29a8699ee8df5af87fd7295da4e65f04f0f8a634
2017,2017,d442082969642bd89738987154d6c9264c30d2332d5c8fa98443a9ee505bfb3a
2017,2017,d442082969642bd89738987154d6c9264c30d2332d5c8fa98443a9ee505bfb3a
2013,2017,0d53bef627c80c58f08df9b2e82efdfe77dd098f5fc3a77486e79e600c20b8a5
1956,2011,47cd44c7c2d9307a9b5c3a5c50741752fa7d47a867618375cbf797d331d9e90e
2017,2018,0ae866c4feb42f7c39d676be74691e4139fd20e2cfa824522c7e70b04ec433a3
1940,2017,407cad9925681e94423c95dc29a8699ee8df5af87fd7295da4e65f04f0f8a634
1940,2017,407cad9925681e94423c95dc29a8699ee8df5af87fd7295da4e65f04f0f8a634
1935,1946,c72bf13f1afa7a8fadde56a560004b192132a1849c710aefd343a6010f591d22
1927,1946,fd751577d32f887ccf43b57045dcde62a96f3e5fcc9bbc0beb9754bb26afebf1
1946,2017,5ad06cd476c1caeff49c9426e03c268447e8baef23615e895c4b57b0d5f4ca12
1984,2009,7764927f6845527db856193e5f22c03f690bf1bd74a9bf3567952655a96dcae3
2016,2017,e6aa79db1d97e4938bde398be46b1e0b29d6d33fc1bdd3ce78a31935e0320c50
1935,2013,bc448a57e079ded96f5180e5fcabdcea3197fa370ac5b91fd9cf3f92f19629b6
1956,2008,38505b0e43defc448bbc3dcc866ee8d5022b23dcfb293263d261fc38987e94d2
1922,2015,c105f1b4a0e95c645675aaeaf91352d0d411fedefa594e7c5bba021065220ccb
2008,2013,20005f837fac85a9f8b55816c3cae5b8ba3f9e9238108ecd2bb82c01d8873340
1931,1979,7efbbeafff9f811fd0629c7ed71e7475d49012c9dcbe1ef2277c4007c90aced1
2017,2017,d442082969642bd89738987154d6c9264c30d2332d5c8fa98443a9ee505bfb3a
1977,2011,63fb6908e9b5368997b39f4cba92d6b3bbe8d86c0e263079955bb202d008ab7e
2016,2017,e6aa79db1d97e4938bde398be46b1e0b29d6d33fc1bdd3ce78a31935e0320c50
1937,1956,894df41d41efd7189829565919ac597359f5c4d258723c98700ef2fc90004fb0
2008,2017,dabb61cc33870e155ab6aa807e94cb9f16dc357b850b2879557d831c6c237c5a
2017,2017,d442082969642bd89738987154d6c9264c30d2332d5c8fa98443a9ee505bfb3a
1984,2010,41d476febc554013c0a1730e39ea0636b733dcd562519d5d20412cbcd94233d2
1935,2008,b42c603166281bdefea70625ee1c363ee750a4d97897edd574d0544b3cefc808
2017,2018,0ae866c4feb42f7c39d676be74691e4139fd20e2cfa824522c7e70b04ec433a3
2013,2016,4a29f8600c985cee97966965e9a159a773e4443949d92df0aaf8abbdc81f757f
2017,2018,0ae866c4feb42f7c39d676be74691e4139fd20e2cfa824522c7e70b04ec433a3
2012,2016,03f9a37a49b6681c66d53c0a894c8b68ffb6272925f35ca4fca27fca9b4b4719
2018,2018,ae899de273cd75984359192e28b80b614da4e1eab9134d9cdad4de2f4051594e
2018,2018,ae899de273cd75984359192e28b80b614da4e1eab9134d9cdad4de2f4051594e
1984,2016,c4e44ba61f473ecb81dceb93ca7113f5466ae92042079b3dd169bc75b7761ffc
2018,2018,ae899de273cd75984359192e28b80b614da4e1eab9134d9cdad4de2f4051594e
2018,2018,ae899de273cd75984359192e28b80b614da4e1eab9134d9cdad4de2f4051594e
2017,2018,0ae866c4feb42f7c39d676be74691e4139fd20e2cfa824522c7e70b04ec433a3
1979,1986,9c785d9bfcf1332794646152e8f737bc9d8f4930ebf0903258b7af99d62235a5
2008,2013,20005f837fac85a9f8b55816c3cae5b8ba3f9e9238108ecd2bb82c01d8873340
2018,2018,ae899de273cd75984359192e28b80b614da4e1eab9134d9cdad4de2f4051594e
2012,2017,ff4bd29e3f7c5db93cbb383c253515ffa03decbe044eaf28de60124bcbdc5b2e
1984,1984,fc659b4a09ab1c8a0f19ba4afcb29b3d90d632e7d14ad2c6a82c2eebeec5e199
2017,2018,0ae866c4feb42f7c39d676be74691e4139fd20e2cfa824522c7e70b04ec433a3
1946,2015,739042fe1d156223f4cf524df48cada8f3af0c67e2434b50a4f965fa930dfaf1
1937,2009,de01bd3301bfdaef753105112b8916179129e15d58c4846be2aaf9d5905d625d
1931,1937,08771b6bde77a526191fef1ee01f00b4170315240bfd09d9fcc1bfdbed9f7ab0
2015,2016,de8927794db5fefa7e0824469038f123eb00ab056b90fc4359a420828086d30e
2016,2016,97c1340b40e3bf5cf9ad8b0c8a6ce588cc3d3a8168f6954bcabf86e8f349f43b
2009,2016,ce539c3d331347937099c3540bf8c38b9c50d68550cf7b4e86732208bbfecbb6
2017,2018,0ae866c4feb42f7c39d676be74691e4139fd20e2cfa824522c7e70b04ec433a3
2018,2018,ae899de273cd75984359192e28b80b614da4e1eab9134d9cdad4de2f4051594e
2012,2018,eb2420936c99ae0c0874edc8b95224ff583686337e21abf7b7c72a9e7e85f54c
2013,2017,0d53bef627c80c58f08df9b2e82efdfe77dd098f5fc3a77486e79e600c20b8a5
2018,2018,ae899de273cd75984359192e28b80b614da4e1eab9134d9cdad4de2f4051594e
2017,2018,0ae866c4feb42f7c39d676be74691e4139fd20e2cfa824522c7e70b04ec433a3
2018,2018,ae899de273cd75984359192e28b80b614da4e1eab9134d9cdad4de2f4051594e
1939,2017,dec16fab2ab9c30717d10fab8100893961a0d0bd40dba61d46cabe470cec492d
1935,1984,03cec894e1f92797ac8bc6d5a411d289f3185960a04b06540eb1f45ed77bf4ea
1935,2018,09aa47b8d36bfdd98a53ae89771ac61583bb45cb1882d5e691f7c0a9ab31bec4
1946,1977,162a295f94767a7c99cf957b84e55c960c09fbb0a65293f65208778384e70050
1922,2017,9b92356ffbe2804ad39acb9f7221fca29c19cb9d37c501a57226aadb79ec8b49
2018,2018,ae899de273cd75984359192e28b80b614da4e1eab9134d9cdad4de2f4051594e
2017,2018,0ae866c4feb42f7c39d676be74691e4139fd20e2cfa824522c7e70b04ec433a3
2015,2016,de8927794db5fefa7e0824469038f123eb00ab056b90fc4359a420828086d30e
2015,2017,883b8142f308e732feb42835a58746df8d014580f6545b0bf056da2ee69d50c3
1984,2011,da5e54583fa3aa615233b9ac39ca507a69461db09d4f3a6cf7fa9fea99378b8d
1979,2015,d5aa37d3530c8c0fa4514143fb1f82fd723dc6671a1e3251c4f4d55f76c9a75e
1979,2016,5648fe84776bf91fe08d8cc1235ff4ca1920a96a58cab4d0f9b69264b07b8b4f
2016,2018,47115e668598b3179e73f63445b816160eb1efca72344a72a070c626d3e7daea
2009,2018,1774ce81f5a0dc15cd170811c79c78e0861a14a6593b17f87365fcf19d802d55
1946,2010,15118993fee8c15785c9fef85115824eeda6bcbe261864975f6041ffa97305cc
2016,2018,47115e668598b3179e73f63445b816160eb1efca72344a72a070c626d3e7daea
2017,2017,d442082969642bd89738987154d6c9264c30d2332d5c8fa98443a9ee505bfb3a
2015,2018,ca5321c88429f35111ba3c3ddf5d01fc4b2f4adc7bd7487828d6288765d041b5
1946,1964,0894b6812621c0f2871acac98bef6cad7fad5953024867105dadf34f9f27459e
2015,2017,883b8142f308e732feb42835a58746df8d014580f6545b0bf056da2ee69d50c3
2017,2017,d442082969642bd89738987154d6c9264c30d2332d5c8fa98443a9ee505bfb3a
2016,2018,47115e668598b3179e73f63445b816160eb1efca72344a72a070c626d3e7daea
2012,2017,ff4bd29e3f7c5db93cbb383c253515ffa03decbe044eaf28de60124bcbdc5b2e
2017,2018,0ae866c4feb42f7c39d676be74691e4139fd20e2cfa824522c7e70b04ec433a3
2018,2018,ae899de273cd75984359192e28b80b614da4e1eab9134d9cdad4de2f4051594e
2015,2017,883b8142f308e732feb42835a58746df8d014580f6545b0bf056da2ee69d50c3
1982,2018,632a5d0621ac64687bfce21ebd11bfba52d32f0eeeaff79faee2f3d9e0ab4e2c
1964,1982,f29966bfa7bce0248e86d3564ee779a96cdd35b7e6176bf74cfc9ed2cb58c989
2017,2017,d442082969642bd89738987154d6c9264c30d2332d5c8fa98443a9ee505bfb3a
1986,2018,4e527e128b06d33f40a3967d431fa4c2150747a65045b06fb3650f5474401fff
2017,2017,d442082969642bd89738987154d6c9264c30d2332d5c8fa98443a9ee505bfb3a
2015,2017,883b8142f308e732feb42835a58746df8d014580f6545b0bf056da2ee69d50c3
1931,1982,6148db3ba85c036e4e691a6183a95ca0380327217fff498e047df4ef9251a3f5
2018,2018,ae899de273cd75984359192e28b80b614da4e1eab9134d9cdad4de2f4051594e
1986,2018,4e527e128b06d33f40a3967d431fa4c2150747a65045b06fb3650f5474401fff
1935,1939,7a8a55e9bbeda9e3d7c1f90542afc2f9c2dc324f8218892688563b2171c23bb3
2017,2017,d442082969642bd89738987154d6c9264c30d2332d5c8fa98443a9ee505bfb3a
1927,2013,0a00a6e10748331c4317e427ce37f78612015bca7c61f5f4bdf2b9aff351f497
2015,2016,de8927794db5fefa7e0824469038f123eb00ab056b90fc4359a420828086d30e
1937,2017,02c7707003ed7ea0443616f36dec2102e6629a1431d764fef0f070c961d1114d
2015,2018,ca5321c88429f35111ba3c3ddf5d01fc4b2f4adc7bd7487828d6288765d041b5
2016,2016,97c1340b40e3bf5cf9ad8b0c8a6ce588cc3d3a8168f6954bcabf86e8f349f43b
2017,2017,d442082969642bd89738987154d6c9264c30d2332d5c8fa98443a9ee505bfb3a
1956,2017,72778f579b47d0ae5cfdfc7647042ef3190e29d6b68b3a0e0545f5498be913a6
2017,2018,0ae866c4feb42f7c39d676be74691e4139fd20e2cfa824522c7e70b04ec433a3
2017,2017,d442082969642bd89738987154d6c9264c30d2332d5c8fa98443a9ee505bfb3a
2018,2018,ae899de273cd75984359192e28b80b614da4e1eab9134d9cdad4de2f4051594e
1986,2009,7da12502659f4c184fc66194da82c5931d9a62363e49f7a25306c645ea5894d4
1937,1986,1b353b082f9b48cc4dd78acaeada5644bc68400ed90d7ca03909e30cc07b8771
1922,1956,1f4adfc6c5411b1c68ff0bbb5a07866fb6347977d95f782e00c590644aa6bbd9
2016,2017,e6aa79db1d97e4938bde398be46b1e0b29d6d33fc1bdd3ce78a31935e0320c50
2016,2017,e6aa79db1d97e4938bde398be46b1e0b29d6d33fc1bdd3ce78a31935e0320c50
2011,2017,2455b0b5e2b783414cef0f7f6bdb8bad79eaefc4367f0c6fd32f22c8ff49a873
1946,1956,1e8825815be0cee6fbefa150df44352de479d6fdb024f824314867375b2b0ea0
1931,2016,446466b9dc1e2c659edd52efadd60c2150df2d7b70ae1dc38dd1e6e23f8b16ed
1939,1946,5dd2d62b34b64e16270de26ec83707429138319324e88874a9d351821942815d
1979,2012,c8e3a48742a572c8ebdf5c4050fbebe01bdca014444fdac71b9d165ea9ceb1cc
2017,2018,0ae866c4feb42f7c39d676be74691e4139fd20e2cfa824522c7e70b04ec433a3
2009,2017,d2a73c64ef575d70173c0b4934194233f1ff12e6b3ac906e349b06b62e66a9ff
1946,2015,739042fe1d156223f4cf524df48cada8f3af0c67e2434b50a4f965fa930dfaf1
1979,1984,2bf768f26003c751704d348ab23d4c7f7c730982505e4d01edf6de484d718fe8
1956,2011,47cd44c7c2d9307a9b5c3a5c50741752fa7d47a867618375cbf797d331d9e90e
2010,2010,62c5e138aed698b7bd661da744c3736758b381691184972f45263042de4314f9
2016,2016,97c1340b40e3bf5cf9ad8b0c8a6ce588cc3d3a8168f6954bcabf86e8f349f43b
2018,2018,ae899de273cd75984359192e28b80b614da4e1eab9134d9cdad4de2f4051594e
1946,2016,adabda6187bd88d73e47c3e719b7a01beb837e8b67f2d9239a656cc63b79c3c9
1946,2017,5ad06cd476c1caeff49c9426e03c268447e8baef23615e895c4b57b0d5f4ca12
2015,2016,de8927794db5fefa7e0824469038f123eb00ab056b90fc4359a420828086d30e
2017,2018,0ae866c4feb42f7c39d676be74691e4139fd20e2cfa824522c7e70b04ec433a3
1984,2017,d08fb8be02e08c85ae82019e4cd213f6619d869c9ea45a57e4c988c9322434a9
2017,2017,d442082969642bd89738987154d6c9264c30d2332d5c8fa98443a9ee505bfb3a
1977,2017,cab27c84de4b45b5a007e70c0f63f9d5b47ff49c66ded79d4d2d61a2a5c1f643
1986,2013,88f4c3fcb914892636f6c7ac87c2c4ce283ff8745c6186292fdaa9879e056367
2016,2017,e6aa79db1d97e4938bde398be46b1e0b29d6d33fc1bdd3ce78a31935e0320c50
2017,2017,d442082969642bd89738987154d6c9264c30d2332d5c8fa98443a9ee505bfb3a
2011,2015,33d60f35035b54746905590b975af420b5cbc6955ec6cfcf5f53c8cca7785cdc
2017,2017,d442082969642bd89738987154d6c9264c30d2332d5c8fa98443a9ee505bfb3a
2015,2017,883b8142f308e732feb42835a58746df8d014580f6545b0bf056da2ee69d50c3
2011,2018,0792e925ad8b31d3ea9a4de8e0ced81fb95659cfaf5347e8efc0834a343fe974
1939,2015,d58c8b376dc99a38f16a910a36d902bd0833de5cdb84c501aea8dcbccf45b336
1956,2013,25f759ee448662ec937b1cb67d52c642860d74b1dead304081ead9be365685dc
2015,2018,ca5321c88429f35111ba3c3ddf5d01fc4b2f4adc7bd7487828d6288765d041b5
2018,2018,ae899de273cd75984359192e28b80b614da4e1eab9134d9cdad4de2f4051594e
2015,2017,883b8142f308e732feb42835a58746df8d014580f6545b0bf056da2ee69d50c3
2018,2018,ae899de273cd75984359192e28b80b614da4e1eab9134d9cdad4de2f4051594e
2017,2018,0ae866c4feb42f7c39d676be74691e4139fd20e2cfa824522c7e70b04ec433a3
2018,2018,ae899de273cd75984359192e28b80b614da4e1eab9134d9cdad4de2f4051594e
1979,2010,82155cb8ae1ef21f66401acc66fa96bb24d27560f9b9a7d336e2baf56d23522e
2012,2017,ff4bd29e3f7c5db93cbb383c253515ffa03decbe044eaf28de60124bcbdc5b2e
1927,2016,df941c07b790dec18bea755be8382c3c26b0f598e975026ff505f2e522c09602
2015,2016,de8927794db5fefa7e0824469038f123eb00ab056b90fc4359a420828086d30e
2018,2018,ae899de273cd75984359192e28b80b614da4e1eab9134d9cdad4de2f4051594e
1937,2017,02c7707003ed7ea0443616f36dec2102e6629a1431d764fef0f070c961d1114d
2018,2018,ae899de273cd75984359192e28b80b614da4e1eab9134d9cdad4de2f4051594e
2017,2018,0ae866c4feb42f7c39d676be74691e4139fd20e2cfa824522c7e70b04ec433a3
2017,2018,0ae866c4feb42f7c39d676be74691e4139fd20e2cfa824522c7e70b04ec433a3
2016,2017,e6aa79db1d97e4938bde398be46b1e0b29d6d33fc1bdd3ce78a31935e0320c50
2015,2016,de8927794db5fefa7e0824469038f123eb00ab056b90fc4359a420828086d30e
2017,2017,d442082969642bd89738987154d6c9264c30d2332d5c8fa98443a9ee505bfb3a
2018,2018,ae899de273cd75984359192e28b80b614da4e1eab9134d9cdad4de2f4051594e
1946,2017,5ad06cd476c1caeff49c9426e03c268447e8baef23615e895c4b57b0d5f4ca12
1977,2017,cab27c84de4b45b5a007e70c0f63f9d5b47ff49c66ded79d4d2d61a2a5c1f643
2015,2017,883b8142f308e732feb42835a58746df8d014580f6545b0bf056da2ee69d50c3
2016,2017,e6aa79db1d97e4938bde398be46b1e0b29d6d33fc1bdd3ce78a31935e0320c50
2017,2018,0ae866c4feb42f7c39d676be74691e4139fd20e2cfa824522c7e70b04ec433a3
2017,2018,0ae866c4feb42f7c39d676be74691e4139fd20e2cfa824522c7e70b04ec433a3
1935,2011,11c47ff94bd93858441b296d553d5f0df0e6c30204570ed441b5e48a118e7cf1
