90,445,a0a703153c4e87ada7110545b0f597ee98c14ae7d349a2d268126308dace109a
88,184,6cb593ae164f2a9ecf22086149f5adf67f1f02dcd493f625ae28508148d49da9
95,360,a3502c604ee72335ae1f928d1deb9f72383d4ec740d3e3150811b4ab74024b47
89,59,f909aae8fcfbb3199fda2c2ac76964e1779b783bb104a391a252c2303757f3f6
96,371,a3502c604ee72335ae1f928d1deb9f72383d4ec740d3e3150811b4ab74024b47
89,248,d08d1028f34110d3a36f6176a1367bd0fae812387dcd211a538cb1bfa5e2079b
99,155,2d00f594554b6ee96f868c377a01ec0f01a15017c7b0af238fb5a77ab293065b
85,273,4b48d24716d81f9b372e8ee387e8fdf5dd979615b3282eeb74a171107c99b407
98,467,e3b0c44298fc1c149afbf4c8996fb92427ae41e4649b934ca495991b7852b855
88,104,c58feade66c21cc7722faa960ec8e4f39c05214e75bab86f1660060c970a4bb2
96,337,27698bc49ed1e0ade699067a0b789d9394d6eff07c09fa41b0615d98386ec7f8
95,375,a3502c604ee72335ae1f928d1deb9f72383d4ec740d3e3150811b4ab74024b47
94,358,b8b4f7fd27e49b18d9db298e51f2bad2e720b7d4650e2a7331d6aecb831b23e2
94,176,56940de3fae802c2cd298a16e791efc0acc069ef34eb47b5bafb6a9bd0141e23
91,55,fca29d43b5e5a7321dcd350e4817b78bc960e980ffb8701716efbd96ad0eb8a1
91,394,7b1b7dca411999639f5c882b66d486939db5c673cc578a3a496324a098a737f2
88,360,feec41b9c3038d66a51af4f31ffe0f30ad80ebf1d9a6f14e1ec911541dee4c17
85,295,6829fdd1e3f540268596cbd3581dc910d3a73919a4412a9da85e482de7d79066
96,475,11699c15e4907b21cb7d795bc906030d1f93f8095594259b3b8ce570e65d98c2
89,421,440bb7dd12a2e2a705ec7383c6be032bd5a319460cb98796850421b694a760cb
92,463,11699c15e4907b21cb7d795bc906030d1f93f8095594259b3b8ce570e65d98c2
88,470,11699c15e4907b21cb7d795bc906030d1f93f8095594259b3b8ce570e65d98c2
87,147,e4255c87e705d17d436831c96a1a997319e9ce0ecfd7b0f8e319e691e9647a9c
99,255,e3b0c44298fc1c149afbf4c8996fb92427ae41e4649b934ca495991b7852b855
88,72,9daf8b0ab806e2bc99f5018fef67458ad70bfe7270ac8268729e9dedd9bbcb3d
87,368,070c7a86e331d4c514848103d6c7e11b29fe623890c2a6d816c5b8e4b264e844
89,464,11699c15e4907b21cb7d795bc906030d1f93f8095594259b3b8ce570e65d98c2
99,396,e3b0c44298fc1c149afbf4c8996fb92427ae41e4649b934ca495991b7852b855
87,301,17faeb313f43e4c80fb58bb6e2dca68fc1e55e9a6d84ef589cb1ae4dd8d2c67d
95,263,554e4b3dc95cef541b78ef5cc7f68ff0913562346c3f1d78589ebd3fba90b393
93,120,fa0882613ca3b6fb1e1bcaed2a3da0f3719e97df0ba1d47e83d6ce7e98cbe1e9
97,141,cb08c34e875aee381f2419e5b387f9e5917e6c36a8c023cd62e45f4ebdce68d4
88,141,6cb593ae164f2a9ecf22086149f5adf67f1f02dcd493f625ae28508148d49da9
93,95,6266f09b046331ed2f2d538d27e38bfd235f941f1354b877881f166c597e32ba
92,400,1d15e3a713c67ac67cd7e9d30ba811d4d59ef8568b1527fcfdaa8da8159d5c0c
88,391,3421372666457905590c67a9084f257352deba6ccd5f992b1a68e0a14622c30c
96,173,49e6aa8449ec5561dae36f4ab94d7305e29a4c5f7fe9f242f454f3968b4ad4b8
96,87,eee6dae979e18062f756329f7e219625a75b58c1c95fb8cce37c9785d19d8ce6
93,182,5efb3607baccd6c68f4520190c0fb7dea9b3e380efd07b3f02e19841859836b9
95,298,554e4b3dc95cef541b78ef5cc7f68ff0913562346c3f1d78589ebd3fba90b393
85,186,d14a02c1b9265cfd136048fc7e00c6a3c45b5a0810211f52d44f995a8d27011c
92,473,11699c15e4907b21cb7d795bc906030d1f93f8095594259b3b8ce570e65d98c2
88,86,c58feade66c21cc7722faa960ec8e4f39c05214e75bab86f1660060c970a4bb2
98,474,e3b0c44298fc1c149afbf4c8996fb92427ae41e4649b934ca495991b7852b855
89,342,0229f413557e1bd5009cd3fc47c3d0d7d14c50afa3180d0f0496031767b70e86
93,400,8a3519d130cfb8b47ecafcd519f461edaf7696c53f3c1ee6448d5331713e7907
98,211,e3b0c44298fc1c149afbf4c8996fb92427ae41e4649b934ca495991b7852b855
85,214,035f6d7a72b76b1c95dbab570220110e2412073e19794a3223f908d2e6b7289b
99,244,e3b0c44298fc1c149afbf4c8996fb92427ae41e4649b934ca495991b7852b855
89,327,a6f690c9d71c220d9c21cf52ea3c14e227a3869e6dea9696e07769b0305d56d0
95,86,eee6dae979e18062f756329f7e219625a75b58c1c95fb8cce37c9785d19d8ce6
96,412,11699c15e4907b21cb7d795bc906030d1f93f8095594259b3b8ce570e65d98c2
95,163,49e6aa8449ec5561dae36f4ab94d7305e29a4c5f7fe9f242f454f3968b4ad4b8
96,347,a3502c604ee72335ae1f928d1deb9f72383d4ec740d3e3150811b4ab74024b47
90,378,7b1b7dca411999639f5c882b66d486939db5c673cc578a3a496324a098a737f2
96,387,a3502c604ee72335ae1f928d1deb9f72383d4ec740d3e3150811b4ab74024b47
85,240,4b48d24716d81f9b372e8ee387e8fdf5dd979615b3282eeb74a171107c99b407
94,240,c35c86658f258c819fe562260b80600bfa6bf3c574f231fa3cf8d51a06c9d61a
95,269,554e4b3dc95cef541b78ef5cc7f68ff0913562346c3f1d78589ebd3fba90b393
85,155,d14a02c1b9265cfd136048fc7e00c6a3c45b5a0810211f52d44f995a8d27011c
92,242,dd20ce76bb4cdb250a694964162f31dff6f4e167a540a06195acd48e6faa2774
85,265,4b48d24716d81f9b372e8ee387e8fdf5dd979615b3282eeb74a171107c99b407
98,260,e3b0c44298fc1c149afbf4c8996fb92427ae41e4649b934ca495991b7852b855
85,467,11699c15e4907b21cb7d795bc906030d1f93f8095594259b3b8ce570e65d98c2
90,195,e1ad4fbfffba463700afe1cc7739c1699eb85362d587b99e5f734255952ef685
99,106,25a2a8883e36667ab9ba3cd8f2c808e92d220d0e642f57b13a5baa414a793e1f
99,84,25a2a8883e36667ab9ba3cd8f2c808e92d220d0e642f57b13a5baa414a793e1f
90,375,7b1b7dca411999639f5c882b66d486939db5c673cc578a3a496324a098a737f2
92,424,9013450012e7cff8facf573efa907bea908ac91c102ba9bd720c587c1092ff95
96,410,11699c15e4907b21cb7d795bc906030d1f93f8095594259b3b8ce570e65d98c2
96,147,49e6aa8449ec5561dae36f4ab94d7305e29a4c5f7fe9f242f454f3968b4ad4b8
89,169,e1ad4fbfffba463700afe1cc7739c1699eb85362d587b99e5f734255952ef685
90,312,a6f690c9d71c220d9c21cf52ea3c14e227a3869e6dea9696e07769b0305d56d0
89,437,a0a703153c4e87ada7110545b0f597ee98c14ae7d349a2d268126308dace109a
87,463,11699c15e4907b21cb7d795bc906030d1f93f8095594259b3b8ce570e65d98c2
96,308,554e4b3dc95cef541b78ef5cc7f68ff0913562346c3f1d78589ebd3fba90b393
92,182,32ee9d06b1a33d1bb7d187cecd3f888d8c953c2bfb702a0bce34278f73a7f527
91,55,fca29d43b5e5a7321dcd350e4817b78bc960e980ffb8701716efbd96ad0eb8a1
85,113,534a1ce21c3516ecbe78f03ffb01c4604f7a4f5cd1e87448959b4ddfbbb39da1
95,136,49e6aa8449ec5561dae36f4ab94d7305e29a4c5f7fe9f242f454f3968b4ad4b8
94,243,c35c86658f258c819fe562260b80600bfa6bf3c574f231fa3cf8d51a06c9d61a
92,81,22009c1faec21c0dac82025b6d746982a0745e6fc32f0f16d0ca6089c0190c59
87,145,e4255c87e705d17d436831c96a1a997319e9ce0ecfd7b0f8e319e691e9647a9c
99,307,e3b0c44298fc1c149afbf4c8996fb92427ae41e4649b934ca495991b7852b855
85,393,4c01f353b0e62943447caac1c849de2ee21457aaa44ce140faceafdc076ef647
92,283,dd20ce76bb4cdb250a694964162f31dff6f4e167a540a06195acd48e6faa2774
96,435,11699c15e4907b21cb7d795bc906030d1f93f8095594259b3b8ce570e65d98c2
87,56,d4d85a4bce037314a6dcd7006a555bb250a4fce4f45b908c85308017b6ac224d
85,124,71cc5050e62fedc7405fff64b17fe5ae86c3049039afa0de071e4e5bfe8ed77a
87,310,17faeb313f43e4c80fb58bb6e2dca68fc1e55e9a6d84ef589cb1ae4dd8d2c67d
91,215,3752d7d5ccfff871d5d4437aa23cb1342d6196a03d79f5fec49897acfe84b8b2
98,291,e3b0c44298fc1c149afbf4c8996fb92427ae41e4649b934ca495991b7852b855
87,249,6cabea745574b9b1f625adafa96277686196169dc583c56ec4510ca0d7442617
99,262,e3b0c44298fc1c149afbf4c8996fb92427ae41e4649b934ca495991b7852b855
87,262,6cabea745574b9b1f625adafa96277686196169dc583c56ec4510ca0d7442617
94,337,5d1ae3ff1a97e12e823605a6ea0b0a750cf4b35c1ed9bb90a08b1017eb701d27
99,413,e3b0c44298fc1c149afbf4c8996fb92427ae41e4649b934ca495991b7852b855
99,249,e3b0c44298fc1c149afbf4c8996fb92427ae41e4649b934ca495991b7852b855
90,392,7b1b7dca411999639f5c882b66d486939db5c673cc578a3a496324a098a737f2
93,282,697c20196ae860f94345bcd53f9c15b8fc70dc7ca0790a1fdaf9b5ba7fd05263
96,161,49e6aa8449ec5561dae36f4ab94d7305e29a4c5f7fe9f242f454f3968b4ad4b8
93,47,194b6a9440380a4239167389458934e9a9f0a5c35abd28d7c4d3935878064707
92,115,c39881e5520a0edaad1f49e47b549dc95adbfa71d85086dfa7724a1cbf3699f7
93,360,ed119764399a9f0a99d0d400a1375f455f8a220a92d004bc5e1a72cdfcb0f3a3
99,238,e3b0c44298fc1c149afbf4c8996fb92427ae41e4649b934ca495991b7852b855
93,220,697c20196ae860f94345bcd53f9c15b8fc70dc7ca0790a1fdaf9b5ba7fd05263
93,77,e48e3122fa00b035c5293e4d19d18c451e05e3ff5f779b68c57e893cdbde7f6d
97,191,cb08c34e875aee381f2419e5b387f9e5917e6c36a8c023cd62e45f4ebdce68d4
94,471,11699c15e4907b21cb7d795bc906030d1f93f8095594259b3b8ce570e65d98c2
98,70,d4c35935239e02b93b49990485769c078238a1664f97181b2c60d70f0f38a253
96,335,27698bc49ed1e0ade699067a0b789d9394d6eff07c09fa41b0615d98386ec7f8
93,442,11699c15e4907b21cb7d795bc906030d1f93f8095594259b3b8ce570e65d98c2
90,92,a93c263ce77cdcb87a1b38e4a8f7b0298470d6be8eb68c8a6351fe4a48117158
96,349,a3502c604ee72335ae1f928d1deb9f72383d4ec740d3e3150811b4ab74024b47
98,113,6d40f42739d93cb0422d5a2bfba73549c89e5676c0aff18cf573690bf807b13b
89,74,a0ebafeb3ecd1b5e517ac5af11e2d52956da2b1ffefd5114ca9949d310110e7d
95,318,554e4b3dc95cef541b78ef5cc7f68ff0913562346c3f1d78589ebd3fba90b393
85,429,54dfec13a13dbca870f520c877ad0267a53cb30324f72ca2e5d5955f079d820b
89,120,fc4f1e36b1fddf4e01fc9196a7fcf149894a789c864c153261851b464e42f79b
91,366,6e1a93efa09a5ae785bdd94c904bf35c1ab62110ac91962138ca3e5aa765df19
86,248,6cabea745574b9b1f625adafa96277686196169dc583c56ec4510ca0d7442617
96,285,554e4b3dc95cef541b78ef5cc7f68ff0913562346c3f1d78589ebd3fba90b393
88,399,c513ae3daffe629f60eaa62e87ec13e0dcb8f5fb7ee5fe0230872a17711381e3
90,224,d08d1028f34110d3a36f6176a1367bd0fae812387dcd211a538cb1bfa5e2079b
87,357,dff3e1e6d4b843d23184525fea30e6a10e07717de09443121604e975580ebc3b
90,462,11699c15e4907b21cb7d795bc906030d1f93f8095594259b3b8ce570e65d98c2
87,252,6cabea745574b9b1f625adafa96277686196169dc583c56ec4510ca0d7442617
87,291,17faeb313f43e4c80fb58bb6e2dca68fc1e55e9a6d84ef589cb1ae4dd8d2c67d
96,201,49e6aa8449ec5561dae36f4ab94d7305e29a4c5f7fe9f242f454f3968b4ad4b8
94,191,56940de3fae802c2cd298a16e791efc0acc069ef34eb47b5bafb6a9bd0141e23
86,258,6cabea745574b9b1f625adafa96277686196169dc583c56ec4510ca0d7442617
90,79,54e581d5f16f5e11d14b657dc20ab0f3f27d002236abfcd66a0d68970eacf400
87,252,6cabea745574b9b1f625adafa96277686196169dc583c56ec4510ca0d7442617
88,464,11699c15e4907b21cb7d795bc906030d1f93f8095594259b3b8ce570e65d98c2
88,399,c513ae3daffe629f60eaa62e87ec13e0dcb8f5fb7ee5fe0230872a17711381e3
99,140,2d00f594554b6ee96f868c377a01ec0f01a15017c7b0af238fb5a77ab293065b
97,470,e3b0c44298fc1c149afbf4c8996fb92427ae41e4649b934ca495991b7852b855
88,127,fc9694877c52817d5a3d112ee2ceb3cce6ad4f5e179096b1f6402150a74bee45
91,299,a6f690c9d71c220d9c21cf52ea3c14e227a3869e6dea9696e07769b0305d56d0
88,145,6cb593ae164f2a9ecf22086149f5adf67f1f02dcd493f625ae28508148d49da9
88,210,1332819a57992cdf2c20bfa5a890614d301f855876359d41a2f03de41db7a31e
95,235,554e4b3dc95cef541b78ef5cc7f68ff0913562346c3f1d78589ebd3fba90b393
95,442,11699c15e4907b21cb7d795bc906030d1f93f8095594259b3b8ce570e65d98c2
85,399,39c433b85e89a465328c46bcc763846db2191b309d69b4c8abfd2d29bdbe035a
95,147,49e6aa8449ec5561dae36f4ab94d7305e29a4c5f7fe9f242f454f3968b4ad4b8
98,94,6d40f42739d93cb0422d5a2bfba73549c89e5676c0aff18cf573690bf807b13b
86,309,17faeb313f43e4c80fb58bb6e2dca68fc1e55e9a6d84ef589cb1ae4dd8d2c67d
90,261,d08d1028f34110d3a36f6176a1367bd0fae812387dcd211a538cb1bfa5e2079b
95,251,554e4b3dc95cef541b78ef5cc7f68ff0913562346c3f1d78589ebd3fba90b393
88,418,3437c9d3f5e2fe27b1d97e979f42fa98c6bc8d039db44c9bf64b4f74127b57b9
89,202,e1ad4fbfffba463700afe1cc7739c1699eb85362d587b99e5f734255952ef685
85,152,d14a02c1b9265cfd136048fc7e00c6a3c45b5a0810211f52d44f995a8d27011c
91,446,a0a703153c4e87ada7110545b0f597ee98c14ae7d349a2d268126308dace109a
87,250,6cabea745574b9b1f625adafa96277686196169dc583c56ec4510ca0d7442617
94,135,56940de3fae802c2cd298a16e791efc0acc069ef34eb47b5bafb6a9bd0141e23
85,301,6829fdd1e3f540268596cbd3581dc910d3a73919a4412a9da85e482de7d79066
99,45,011463ed7d73ddf4859a8f71d4e38566bb564fbaa569d8bff018310d8463afb7
94,64,d345e63e48ec4ca343c2c6980bd5f983cd262f017e1a9246a3c3ea1bae535807
96,44,13ea92082700e79bb9302d0fba61da428f47359fc89b9100fc97f5492b96ae33
94,122,edfee80092eb9e3b1c1e03e6232e24d3a92b0a46f52184505f447e26adbfc282
85,460,11699c15e4907b21cb7d795bc906030d1f93f8095594259b3b8ce570e65d98c2
99,256,e3b0c44298fc1c149afbf4c8996fb92427ae41e4649b934ca495991b7852b855
91,417,3437c9d3f5e2fe27b1d97e979f42fa98c6bc8d039db44c9bf64b4f74127b57b9
93,446,11699c15e4907b21cb7d795bc906030d1f93f8095594259b3b8ce570e65d98c2
95,229,554e4b3dc95cef541b78ef5cc7f68ff0913562346c3f1d78589ebd3fba90b393
93,89,6266f09b046331ed2f2d538d27e38bfd235f941f1354b877881f166c597e32ba
93,135,5efb3607baccd6c68f4520190c0fb7dea9b3e380efd07b3f02e19841859836b9
89,409,3437c9d3f5e2fe27b1d97e979f42fa98c6bc8d039db44c9bf64b4f74127b57b9
99,159,2d00f594554b6ee96f868c377a01ec0f01a15017c7b0af238fb5a77ab293065b
94,353,b8b4f7fd27e49b18d9db298e51f2bad2e720b7d4650e2a7331d6aecb831b23e2
86,401,29c34d390d843ebc3a554800fcf5c8db202ecfb2fb74617638571333bc0e5988
94,309,c35c86658f258c819fe562260b80600bfa6bf3c574f231fa3cf8d51a06c9d61a
88,61,571c4b9246985a459b12ce33acd5cdea5ceef79e6cde13d045bd576d8e02f56d
98,106,6d40f42739d93cb0422d5a2bfba73549c89e5676c0aff18cf573690bf807b13b
96,431,11699c15e4907b21cb7d795bc906030d1f93f8095594259b3b8ce570e65d98c2
95,74,91dbe9663b55de20c0953f257a4c856b928105b3943aa7da0d8edb58ded49680
91,148,e1ad4fbfffba463700afe1cc7739c1699eb85362d587b99e5f734255952ef685
94,453,11699c15e4907b21cb7d795bc906030d1f93f8095594259b3b8ce570e65d98c2
90,363,6e1a93efa09a5ae785bdd94c904bf35c1ab62110ac91962138ca3e5aa765df19
93,365,ed119764399a9f0a99d0d400a1375f455f8a220a92d004bc5e1a72cdfcb0f3a3
91,238,d08d1028f34110d3a36f6176a1367bd0fae812387dcd211a538cb1bfa5e2079b
86,221,6cabea745574b9b1f625adafa96277686196169dc583c56ec4510ca0d7442617
88,465,11699c15e4907b21cb7d795bc906030d1f93f8095594259b3b8ce570e65d98c2
90,302,a6f690c9d71c220d9c21cf52ea3c14e227a3869e6dea9696e07769b0305d56d0
91,190,e1ad4fbfffba463700afe1cc7739c1699eb85362d587b99e5f734255952ef685
97,198,cb08c34e875aee381f2419e5b387f9e5917e6c36a8c023cd62e45f4ebdce68d4
92,183,32ee9d06b1a33d1bb7d187cecd3f888d8c953c2bfb702a0bce34278f73a7f527
92,448,11699c15e4907b21cb7d795bc906030d1f93f8095594259b3b8ce570e65d98c2
90,313,a6f690c9d71c220d9c21cf52ea3c14e227a3869e6dea9696e07769b0305d56d0
88,254,ca4f653ff691224f57d83b8d1c33edbb6a2cf1667b50710b25512beeb1282f36
85,289,6829fdd1e3f540268596cbd3581dc910d3a73919a4412a9da85e482de7d79066
88,79,237d799df7053dc4250e751f563fe35de265bc4f256fa310391eac6e52e82e8d
98,141,2d00f594554b6ee96f868c377a01ec0f01a15017c7b0af238fb5a77ab293065b
94,209,d48dd2adb6fbd7ad4f269665c086d258123129682981a99639cf62a73c821852
99,339,e3b0c44298fc1c149afbf4c8996fb92427ae41e4649b934ca495991b7852b855
91,175,e1ad4fbfffba463700afe1cc7739c1699eb85362d587b99e5f734255952ef685
93,279,697c20196ae860f94345bcd53f9c15b8fc70dc7ca0790a1fdaf9b5ba7fd05263
94,295,c35c86658f258c819fe562260b80600bfa6bf3c574f231fa3cf8d51a06c9d61a
88,299,51a64a17a585f62ab2ca14be77aaafab9f42ba4efa8d5936d8d00f6d60fcfde5
85,260,4b48d24716d81f9b372e8ee387e8fdf5dd979615b3282eeb74a171107c99b407
99,54,b27a84f588dffcf4caa3ff6b378115e9ed8edfa6c67df0c05a0c62c5b0d0f85c
90,112,a93c263ce77cdcb87a1b38e4a8f7b0298470d6be8eb68c8a6351fe4a48117158
92,441,11699c15e4907b21cb7d795bc906030d1f93f8095594259b3b8ce570e65d98c2
91,281,d08d1028f34110d3a36f6176a1367bd0fae812387dcd211a538cb1bfa5e2079b
99,133,2d00f594554b6ee96f868c377a01ec0f01a15017c7b0af238fb5a77ab293065b
89,268,d08d1028f34110d3a36f6176a1367bd0fae812387dcd211a538cb1bfa5e2079b
99,185,2d00f594554b6ee96f868c377a01ec0f01a15017c7b0af238fb5a77ab293065b
96,145,49e6aa8449ec5561dae36f4ab94d7305e29a4c5f7fe9f242f454f3968b4ad4b8
99,91,25a2a8883e36667ab9ba3cd8f2c808e92d220d0e642f57b13a5baa414a793e1f
96,372,a3502c604ee72335ae1f928d1deb9f72383d4ec740d3e3150811b4ab74024b47
89,259,d08d1028f34110d3a36f6176a1367bd0fae812387dcd211a538cb1bfa5e2079b
90,127,fd5402fcc2f08f297f033a4a1b1ad2c6b88ad0f5bd67aeefca495fe62c3ab202
91,463,11699c15e4907b21cb7d795bc906030d1f93f8095594259b3b8ce570e65d98c2
87,148,e4255c87e705d17d436831c96a1a997319e9ce0ecfd7b0f8e319e691e9647a9c
87,330,4e9d808b27412756f8701d4bc1c14d4329426c51b10ea5039c097bcbc1a49419
98,196,2d00f594554b6ee96f868c377a01ec0f01a15017c7b0af238fb5a77ab293065b
98,348,e3b0c44298fc1c149afbf4c8996fb92427ae41e4649b934ca495991b7852b855
96,293,554e4b3dc95cef541b78ef5cc7f68ff0913562346c3f1d78589ebd3fba90b393
94,83,8e1d6423c6d6414599fe0dce92b56a1ba10f244a8f89f4879d59b588c1980107
89,479,11699c15e4907b21cb7d795bc906030d1f93f8095594259b3b8ce570e65d98c2
94,352,b8b4f7fd27e49b18d9db298e51f2bad2e720b7d4650e2a7331d6aecb831b23e2
86,437,a0a703153c4e87ada7110545b0f597ee98c14ae7d349a2d268126308dace109a
88,244,ca4f653ff691224f57d83b8d1c33edbb6a2cf1667b50710b25512beeb1282f36
94,461,11699c15e4907b21cb7d795bc906030d1f93f8095594259b3b8ce570e65d98c2
91,179,e1ad4fbfffba463700afe1cc7739c1699eb85362d587b99e5f734255952ef685
86,299,17faeb313f43e4c80fb58bb6e2dca68fc1e55e9a6d84ef589cb1ae4dd8d2c67d
95,217,554e4b3dc95cef541b78ef5cc7f68ff0913562346c3f1d78589ebd3fba90b393
92,234,dd20ce76bb4cdb250a694964162f31dff6f4e167a540a06195acd48e6faa2774
93,425,9013450012e7cff8facf573efa907bea908ac91c102ba9bd720c587c1092ff95
93,85,e48e3122fa00b035c5293e4d19d18c451e05e3ff5f779b68c57e893cdbde7f6d
87,420,0b1dd009f458c968a3c1110090b9ac565ab6d62a6a73445fde59cb9a9102507e
96,266,554e4b3dc95cef541b78ef5cc7f68ff0913562346c3f1d78589ebd3fba90b393
93,381,ed119764399a9f0a99d0d400a1375f455f8a220a92d004bc5e1a72cdfcb0f3a3
91,436,a0a703153c4e87ada7110545b0f597ee98c14ae7d349a2d268126308dace109a
89,253,d08d1028f34110d3a36f6176a1367bd0fae812387dcd211a538cb1bfa5e2079b
92,332,d6bc2cbf776d3043812384d913b31a9ea71f022b129bfbab409f25741b65e401
88,159,6cb593ae164f2a9ecf22086149f5adf67f1f02dcd493f625ae28508148d49da9
99,298,e3b0c44298fc1c149afbf4c8996fb92427ae41e4649b934ca495991b7852b855
95,374,a3502c604ee72335ae1f928d1deb9f72383d4ec740d3e3150811b4ab74024b47
87,300,17faeb313f43e4c80fb58bb6e2dca68fc1e55e9a6d84ef589cb1ae4dd8d2c67d
98,392,e3b0c44298fc1c149afbf4c8996fb92427ae41e4649b934ca495991b7852b855
91,102,a93c263ce77cdcb87a1b38e4a8f7b0298470d6be8eb68c8a6351fe4a48117158
86,345,20b9a8a04a2ddb2f7bd09dc10b036c04a4cf1e4521ffdb47cf56c13c752669e8
97,244,8e509161e788b52bf3ec009ff63afe983e9ef877c72441493d235acae8bc1ef5
96,402,a3502c604ee72335ae1f928d1deb9f72383d4ec740d3e3150811b4ab74024b47
96,432,11699c15e4907b21cb7d795bc906030d1f93f8095594259b3b8ce570e65d98c2
86,427,440bb7dd12a2e2a705ec7383c6be032bd5a319460cb98796850421b694a760cb
87,434,440bb7dd12a2e2a705ec7383c6be032bd5a319460cb98796850421b694a760cb
97,276,8e509161e788b52bf3ec009ff63afe983e9ef877c72441493d235acae8bc1ef5
97,120,8a931ffd2f10b154501e97ccbe1ca5fbd754fa649b1056ff2a3bd9447349ab6d
89,217,d08d1028f34110d3a36f6176a1367bd0fae812387dcd211a538cb1bfa5e2079b
99,429,e3b0c44298fc1c149afbf4c8996fb92427ae41e4649b934ca495991b7852b855
86,263,6cabea745574b9b1f625adafa96277686196169dc583c56ec4510ca0d7442617
98,73,da261111e1ac82f6bbe5016ca419fba33a0b7ab29b93b190b2a7d505dfc8f9a9
99,342,e3b0c44298fc1c149afbf4c8996fb92427ae41e4649b934ca495991b7852b855
94,270,c35c86658f258c819fe562260b80600bfa6bf3c574f231fa3cf8d51a06c9d61a
92,448,11699c15e4907b21cb7d795bc906030d1f93f8095594259b3b8ce570e65d98c2
94,333,db7507ed6232d22f35e0e4e820e43c310f0d523b08b6d5fd1a1b7a5321fa3447
86,312,17faeb313f43e4c80fb58bb6e2dca68fc1e55e9a6d84ef589cb1ae4dd8d2c67d
95,264,554e4b3dc95cef541b78ef5cc7f68ff0913562346c3f1d78589ebd3fba90b393
94,136,56940de3fae802c2cd298a16e791efc0acc069ef34eb47b5bafb6a9bd0141e23
89,67,a2b2d8bd9668722fe0d678ab67d09e73ff199d77eefb2c538315a399893c984d
98,469,e3b0c44298fc1c149afbf4c8996fb92427ae41e4649b934ca495991b7852b855
86,400,555532631718c125c949f3c5eab543cdb839e1f96f9a40b24cedfb3b285e8a83
96,476,11699c15e4907b21cb7d795bc906030d1f93f8095594259b3b8ce570e65d98c2
91,106,a93c263ce77cdcb87a1b38e4a8f7b0298470d6be8eb68c8a6351fe4a48117158
96,163,49e6aa8449ec5561dae36f4ab94d7305e29a4c5f7fe9f242f454f3968b4ad4b8
86,73,3a02f3a872cc284c5250b96788cd24ad10e79b149651c7fefca43623e076db3f
98,402,e3b0c44298fc1c149afbf4c8996fb92427ae41e4649b934ca495991b7852b855
99,164,2d00f594554b6ee96f868c377a01ec0f01a15017c7b0af238fb5a77ab293065b
99,270,e3b0c44298fc1c149afbf4c8996fb92427ae41e4649b934ca495991b7852b855
96,45,758f09322e5296458f4460a53271d4664a07f6b1a3b5dbd99d5474071b0e9fff
86,154,e4255c87e705d17d436831c96a1a997319e9ce0ecfd7b0f8e319e691e9647a9c
91,481,11699c15e4907b21cb7d795bc906030d1f93f8095594259b3b8ce570e65d98c2
99,381,e3b0c44298fc1c149afbf4c8996fb92427ae41e4649b934ca495991b7852b855
98,148,2d00f594554b6ee96f868c377a01ec0f01a15017c7b0af238fb5a77ab293065b
95,197,49e6aa8449ec5561dae36f4ab94d7305e29a4c5f7fe9f242f454f3968b4ad4b8
86,461,11699c15e4907b21cb7d795bc906030d1f93f8095594259b3b8ce570e65d98c2
91,85,54e581d5f16f5e11d14b657dc20ab0f3f27d002236abfcd66a0d68970eacf400
85,64,e097240affb5a3d5552ce37e1de429a71f36d747465d75895e432179b842af8f
92,119,e603c9c99c1e6d97b236bbcd17b892cc80b280e258c0ee17e4ee5970953a8cd9
97,323,8e509161e788b52bf3ec009ff63afe983e9ef877c72441493d235acae8bc1ef5
85,451,a0a703153c4e87ada7110545b0f597ee98c14ae7d349a2d268126308dace109a
90,218,d08d1028f34110d3a36f6176a1367bd0fae812387dcd211a538cb1bfa5e2079b
90,82,54e581d5f16f5e11d14b657dc20ab0f3f27d002236abfcd66a0d68970eacf400
89,83,54e581d5f16f5e11d14b657dc20ab0f3f27d002236abfcd66a0d68970eacf400
85,252,4b48d24716d81f9b372e8ee387e8fdf5dd979615b3282eeb74a171107c99b407
87,472,11699c15e4907b21cb7d795bc906030d1f93f8095594259b3b8ce570e65d98c2
96,56,a45e6caec1fb2532c65dcf96ef17ce5c1ecfa0484cbd58ae1d5afe9c2c29e5ce
99,102,25a2a8883e36667ab9ba3cd8f2c808e92d220d0e642f57b13a5baa414a793e1f
93,188,5efb3607baccd6c68f4520190c0fb7dea9b3e380efd07b3f02e19841859836b9
92,345,e08f9f90c265e411065dda7d69388dad6937421b729bfc5ca891b0b1923a6a41
92,136,32ee9d06b1a33d1bb7d187cecd3f888d8c953c2bfb702a0bce34278f73a7f527
85,130,d14a02c1b9265cfd136048fc7e00c6a3c45b5a0810211f52d44f995a8d27011c
91,137,e1ad4fbfffba463700afe1cc7739c1699eb85362d587b99e5f734255952ef685
97,54,d9874b09fe87a54d97f330a50a17dca45943457a1168b2edeb37ded74ff41b81
93,300,ac196882da924d39e98b031c8e1b104b58da163daa3a8276296e5fcc15d731bf
95,351,a3502c604ee72335ae1f928d1deb9f72383d4ec740d3e3150811b4ab74024b47
99,62,7ed775826aa39ec1359775781214270725d9e55f00e6b465489c99c83b2acc0d
89,150,e1ad4fbfffba463700afe1cc7739c1699eb85362d587b99e5f734255952ef685
87,427,440bb7dd12a2e2a705ec7383c6be032bd5a319460cb98796850421b694a760cb
85,480,11699c15e4907b21cb7d795bc906030d1f93f8095594259b3b8ce570e65d98c2
94,64,d345e63e48ec4ca343c2c6980bd5f983cd262f017e1a9246a3c3ea1bae535807
91,360,6e1a93efa09a5ae785bdd94c904bf35c1ab62110ac91962138ca3e5aa765df19
96,317,554e4b3dc95cef541b78ef5cc7f68ff0913562346c3f1d78589ebd3fba90b393
87,429,440bb7dd12a2e2a705ec7383c6be032bd5a319460cb98796850421b694a760cb
98,200,2d00f594554b6ee96f868c377a01ec0f01a15017c7b0af238fb5a77ab293065b
90,206,e1ad4fbfffba463700afe1cc7739c1699eb85362d587b99e5f734255952ef685
99,120,25a2a8883e36667ab9ba3cd8f2c808e92d220d0e642f57b13a5baa414a793e1f
98,153,2d00f594554b6ee96f868c377a01ec0f01a15017c7b0af238fb5a77ab293065b
97,370,8e509161e788b52bf3ec009ff63afe983e9ef877c72441493d235acae8bc1ef5
96,414,11699c15e4907b21cb7d795bc906030d1f93f8095594259b3b8ce570e65d98c2
92,447,11699c15e4907b21cb7d795bc906030d1f93f8095594259b3b8ce570e65d98c2
87,140,e4255c87e705d17d436831c96a1a997319e9ce0ecfd7b0f8e319e691e9647a9c
95,245,554e4b3dc95cef541b78ef5cc7f68ff0913562346c3f1d78589ebd3fba90b393
90,438,a0a703153c4e87ada7110545b0f597ee98c14ae7d349a2d268126308dace109a
93,439,11699c15e4907b21cb7d795bc906030d1f93f8095594259b3b8ce570e65d98c2
97,63,da59c33c60a07a51d93299e0f64360d3bb9ac3c56266cfac564dad03e1d89326
95,122,fd76d85f915429759ceea481bb87f0773df22f17c0d478b45c202028807d441f
88,366,feec41b9c3038d66a51af4f31ffe0f30ad80ebf1d9a6f14e1ec911541dee4c17
85,190,d14a02c1b9265cfd136048fc7e00c6a3c45b5a0810211f52d44f995a8d27011c
90,53,fca29d43b5e5a7321dcd350e4817b78bc960e980ffb8701716efbd96ad0eb8a1
95,93,eee6dae979e18062f756329f7e219625a75b58c1c95fb8cce37c9785d19d8ce6
97,130,cb08c34e875aee381f2419e5b387f9e5917e6c36a8c023cd62e45f4ebdce68d4
99,60,b27a84f588dffcf4caa3ff6b378115e9ed8edfa6c67df0c05a0c62c5b0d0f85c
88,233,ca4f653ff691224f57d83b8d1c33edbb6a2cf1667b50710b25512beeb1282f36
99,392,e3b0c44298fc1c149afbf4c8996fb92427ae41e4649b934ca495991b7852b855
85,344,8575a21421612dbbfd9010a65f9ce221ddf1ed43082f6367bd73039fdbb1fa49
99,379,e3b0c44298fc1c149afbf4c8996fb92427ae41e4649b934ca495991b7852b855
85,213,035f6d7a72b76b1c95dbab570220110e2412073e19794a3223f908d2e6b7289b
99,323,e3b0c44298fc1c149afbf4c8996fb92427ae41e4649b934ca495991b7852b855
87,343,20b9a8a04a2ddb2f7bd09dc10b036c04a4cf1e4521ffdb47cf56c13c752669e8
93,388,ed119764399a9f0a99d0d400a1375f455f8a220a92d004bc5e1a72cdfcb0f3a3
96,323,554e4b3dc95cef541b78ef5cc7f68ff0913562346c3f1d78589ebd3fba90b393
91,209,3752d7d5ccfff871d5d4437aa23cb1342d6196a03d79f5fec49897acfe84b8b2
97,384,8e509161e788b52bf3ec009ff63afe983e9ef877c72441493d235acae8bc1ef5
87,390,58eb63fef2917c0c04e2b96c8a9e54c2d2fa54aa86457599fb2441f27b273c39
91,44,b36ffed6b38a19aae2742b425db258651c03c849088d0a37b2d6316bb198cce1
98,413,e3b0c44298fc1c149afbf4c8996fb92427ae41e4649b934ca495991b7852b855
87,380,58eb63fef2917c0c04e2b96c8a9e54c2d2fa54aa86457599fb2441f27b273c39
92,247,dd20ce76bb4cdb250a694964162f31dff6f4e167a540a06195acd48e6faa2774
96,288,554e4b3dc95cef541b78ef5cc7f68ff0913562346c3f1d78589ebd3fba90b393
85,348,bc9205317bad5194ec381652962fc4557e455f37da7a2a80626b968c76327ef6
96,415,11699c15e4907b21cb7d795bc906030d1f93f8095594259b3b8ce570e65d98c2
92,418,2df1e4d24cf7ab7ed725e4bdf4f62c0b9953e9dd24277daa87e6d11620c3d4a5
88,358,99a409e6470a40e084df755d6bbeb11a89077d0d03b1adb1a3979ae44bf01531
97,230,8e509161e788b52bf3ec009ff63afe983e9ef877c72441493d235acae8bc1ef5
88,169,6cb593ae164f2a9ecf22086149f5adf67f1f02dcd493f625ae28508148d49da9
89,404,df08495b3799762fe67e7e62cd1ffeb1c34fd0977ef6d3f51042d6cc3017dc81
87,289,17faeb313f43e4c80fb58bb6e2dca68fc1e55e9a6d84ef589cb1ae4dd8d2c67d
86,215,6337fe646178501601538ff30e09d788d155626bf107ebcd17ea09f9cfd55ad3
91,301,a6f690c9d71c220d9c21cf52ea3c14e227a3869e6dea9696e07769b0305d56d0
96,453,11699c15e4907b21cb7d795bc906030d1f93f8095594259b3b8ce570e65d98c2
85,44,7d461444b9d933ad0ab1e6cc5329c46696801f427f664e74d7f54067763a8714
99,479,e3b0c44298fc1c149afbf4c8996fb92427ae41e4649b934ca495991b7852b855
95,359,a3502c604ee72335ae1f928d1deb9f72383d4ec740d3e3150811b4ab74024b47
87,415,c4263303529b257a6e649b4637d4ff22c4136b37192b14f2e3c52e2580bc0914
86,203,e4255c87e705d17d436831c96a1a997319e9ce0ecfd7b0f8e319e691e9647a9c
90,261,d08d1028f34110d3a36f6176a1367bd0fae812387dcd211a538cb1bfa5e2079b
98,254,e3b0c44298fc1c149afbf4c8996fb92427ae41e4649b934ca495991b7852b855
87,202,e4255c87e705d17d436831c96a1a997319e9ce0ecfd7b0f8e319e691e9647a9c
89,399,df08495b3799762fe67e7e62cd1ffeb1c34fd0977ef6d3f51042d6cc3017dc81
93,431,9013450012e7cff8facf573efa907bea908ac91c102ba9bd720c587c1092ff95
94,370,b8b4f7fd27e49b18d9db298e51f2bad2e720b7d4650e2a7331d6aecb831b23e2
87,163,e4255c87e705d17d436831c96a1a997319e9ce0ecfd7b0f8e319e691e9647a9c
92,84,22009c1faec21c0dac82025b6d746982a0745e6fc32f0f16d0ca6089c0190c59
93,54,63b055ccc5cd114c770a7c99fc420bfe7a0f840064bc269635c6eb8ca33015d2
87,298,17faeb313f43e4c80fb58bb6e2dca68fc1e55e9a6d84ef589cb1ae4dd8d2c67d
85,330,44f0fe1195fe1407fcc8f2108e39dc174bf4e3ee797b17252772de28638a4e89
93,413,b0dd4dbee01dd891cd682cff8f75389a1f41ec6c647d3a85a78213ca4a1a8a11
94,78,8e1d6423c6d6414599fe0dce92b56a1ba10f244a8f89f4879d59b588c1980107
94,229,c35c86658f258c819fe562260b80600bfa6bf3c574f231fa3cf8d51a06c9d61a
86,245,6cabea745574b9b1f625adafa96277686196169dc583c56ec4510ca0d7442617
85,389,4c01f353b0e62943447caac1c849de2ee21457aaa44ce140faceafdc076ef647
86,462,11699c15e4907b21cb7d795bc906030d1f93f8095594259b3b8ce570e65d98c2
97,454,e3b0c44298fc1c149afbf4c8996fb92427ae41e4649b934ca495991b7852b855
98,324,e3b0c44298fc1c149afbf4c8996fb92427ae41e4649b934ca495991b7852b855
96,185,49e6aa8449ec5561dae36f4ab94d7305e29a4c5f7fe9f242f454f3968b4ad4b8
88,229,ca4f653ff691224f57d83b8d1c33edbb6a2cf1667b50710b25512beeb1282f36
89,334,152417ad84c0613d6b5a2220f621799ee5be38cf5225548f881b2d52d7f21383
99,154,2d00f594554b6ee96f868c377a01ec0f01a15017c7b0af238fb5a77ab293065b
86,171,e4255c87e705d17d436831c96a1a997319e9ce0ecfd7b0f8e319e691e9647a9c
86,112,500e9ce3d4ac496f36083930aac8ae6e7fdf271913df986afb63d5ce530df3d0
90,59,f909aae8fcfbb3199fda2c2ac76964e1779b783bb104a391a252c2303757f3f6
99,116,25a2a8883e36667ab9ba3cd8f2c808e92d220d0e642f57b13a5baa414a793e1f
93,197,5efb3607baccd6c68f4520190c0fb7dea9b3e380efd07b3f02e19841859836b9
95,252,554e4b3dc95cef541b78ef5cc7f68ff0913562346c3f1d78589ebd3fba90b393
99,76,25a2a8883e36667ab9ba3cd8f2c808e92d220d0e642f57b13a5baa414a793e1f
95,46,5280a2ac371dd1ebfe89efc42cf1814a1380689513340417ddf0c943ab8328c7
87,431,440bb7dd12a2e2a705ec7383c6be032bd5a319460cb98796850421b694a760cb
86,66,2aae41ab8ec09c74f2ef2df5a4e071c293d8e9a574613fe28073de4307dfa15e
99,292,e3b0c44298fc1c149afbf4c8996fb92427ae41e4649b934ca495991b7852b855
92,440,11699c15e4907b21cb7d795bc906030d1f93f8095594259b3b8ce570e65d98c2
95,116,349e9b5e33b89d4296ad866ba8de9d9f40f0379f5a8ddda71e0f398865d04b35
95,366,a3502c604ee72335ae1f928d1deb9f72383d4ec740d3e3150811b4ab74024b47
91,129,e1ad4fbfffba463700afe1cc7739c1699eb85362d587b99e5f734255952ef685
98,105,6d40f42739d93cb0422d5a2bfba73549c89e5676c0aff18cf573690bf807b13b
96,444,11699c15e4907b21cb7d795bc906030d1f93f8095594259b3b8ce570e65d98c2
86,332,4e9d808b27412756f8701d4bc1c14d4329426c51b10ea5039c097bcbc1a49419
91,479,11699c15e4907b21cb7d795bc906030d1f93f8095594259b3b8ce570e65d98c2
88,476,11699c15e4907b21cb7d795bc906030d1f93f8095594259b3b8ce570e65d98c2
98,90,6d40f42739d93cb0422d5a2bfba73549c89e5676c0aff18cf573690bf807b13b
89,407,df08495b3799762fe67e7e62cd1ffeb1c34fd0977ef6d3f51042d6cc3017dc81
92,280,dd20ce76bb4cdb250a694964162f31dff6f4e167a540a06195acd48e6faa2774
93,49,194b6a9440380a4239167389458934e9a9f0a5c35abd28d7c4d3935878064707
90,179,e1ad4fbfffba463700afe1cc7739c1699eb85362d587b99e5f734255952ef685
85,118,b1c456e66d50943bbaca3aced9064492450fb0d8933cedc75fed156df97f85e7
89,83,54e581d5f16f5e11d14b657dc20ab0f3f27d002236abfcd66a0d68970eacf400
86,115,cf68d0cffc25215d3deb0718b88e2cd57eb939887df60953cfd4ee66e2fde029
87,214,6337fe646178501601538ff30e09d788d155626bf107ebcd17ea09f9cfd55ad3
98,101,6d40f42739d93cb0422d5a2bfba73549c89e5676c0aff18cf573690bf807b13b
87,220,6cabea745574b9b1f625adafa96277686196169dc583c56ec4510ca0d7442617
97,198,cb08c34e875aee381f2419e5b387f9e5917e6c36a8c023cd62e45f4ebdce68d4
99,101,25a2a8883e36667ab9ba3cd8f2c808e92d220d0e642f57b13a5baa414a793e1f
90,103,a93c263ce77cdcb87a1b38e4a8f7b0298470d6be8eb68c8a6351fe4a48117158
95,202,49e6aa8449ec5561dae36f4ab94d7305e29a4c5f7fe9f242f454f3968b4ad4b8
88,276,ca4f653ff691224f57d83b8d1c33edbb6a2cf1667b50710b25512beeb1282f36
92,312,6003bef3452ef8e98c81f72984b91284399704a5455376fad94f0a9ae546583a
97,128,8575454a78da2bfb716a20fdbbaef666cb137f97eb37cc89f4eceda972cab17c
93,222,697c20196ae860f94345bcd53f9c15b8fc70dc7ca0790a1fdaf9b5ba7fd05263
85,308,6829fdd1e3f540268596cbd3581dc910d3a73919a4412a9da85e482de7d79066
86,331,4e9d808b27412756f8701d4bc1c14d4329426c51b10ea5039c097bcbc1a49419
94,322,c35c86658f258c819fe562260b80600bfa6bf3c574f231fa3cf8d51a06c9d61a
99,300,e3b0c44298fc1c149afbf4c8996fb92427ae41e4649b934ca495991b7852b855
97,176,cb08c34e875aee381f2419e5b387f9e5917e6c36a8c023cd62e45f4ebdce68d4
86,473,11699c15e4907b21cb7d795bc906030d1f93f8095594259b3b8ce570e65d98c2
94,388,b8b4f7fd27e49b18d9db298e51f2bad2e720b7d4650e2a7331d6aecb831b23e2
94,420,11699c15e4907b21cb7d795bc906030d1f93f8095594259b3b8ce570e65d98c2
92,258,dd20ce76bb4cdb250a694964162f31dff6f4e167a540a06195acd48e6faa2774
89,374,6e1a93efa09a5ae785bdd94c904bf35c1ab62110ac91962138ca3e5aa765df19
95,309,554e4b3dc95cef541b78ef5cc7f68ff0913562346c3f1d78589ebd3fba90b393
96,63,474f5d7af1137c7430a16e8ba51894a69726e6a6743af8773ca11a3cfacdce41
94,58,26980e01315c5dbc22592ab02e874871efd2d3540f842793cc9a86f31e2e1384
98,52,cf1aa48d7416ae0d036a209d2216c41df4afc906db6c9c5745efdf08a48d4f69
89,423,440bb7dd12a2e2a705ec7383c6be032bd5a319460cb98796850421b694a760cb
94,424,11699c15e4907b21cb7d795bc906030d1f93f8095594259b3b8ce570e65d98c2
91,175,e1ad4fbfffba463700afe1cc7739c1699eb85362d587b99e5f734255952ef685
94,386,b8b4f7fd27e49b18d9db298e51f2bad2e720b7d4650e2a7331d6aecb831b23e2
93,253,697c20196ae860f94345bcd53f9c15b8fc70dc7ca0790a1fdaf9b5ba7fd05263
96,396,a3502c604ee72335ae1f928d1deb9f72383d4ec740d3e3150811b4ab74024b47
93,412,b0dd4dbee01dd891cd682cff8f75389a1f41ec6c647d3a85a78213ca4a1a8a11
93,258,697c20196ae860f94345bcd53f9c15b8fc70dc7ca0790a1fdaf9b5ba7fd05263
88,378,3421372666457905590c67a9084f257352deba6ccd5f992b1a68e0a14622c30c
97,473,e3b0c44298fc1c149afbf4c8996fb92427ae41e4649b934ca495991b7852b855
91,261,d08d1028f34110d3a36f6176a1367bd0fae812387dcd211a538cb1bfa5e2079b
97,356,8e509161e788b52bf3ec009ff63afe983e9ef877c72441493d235acae8bc1ef5
95,269,554e4b3dc95cef541b78ef5cc7f68ff0913562346c3f1d78589ebd3fba90b393
99,212,e3b0c44298fc1c149afbf4c8996fb92427ae41e4649b934ca495991b7852b855
85,402,1ce186514f4beade9858c56b3f4aa9699e7037f34b9a2e0423a91ea5383649bf
94,230,c35c86658f258c819fe562260b80600bfa6bf3c574f231fa3cf8d51a06c9d61a
89,101,a93c263ce77cdcb87a1b38e4a8f7b0298470d6be8eb68c8a6351fe4a48117158
88,437,a0a703153c4e87ada7110545b0f597ee98c14ae7d349a2d268126308dace109a
93,400,8a3519d130cfb8b47ecafcd519f461edaf7696c53f3c1ee6448d5331713e7907
96,442,11699c15e4907b21cb7d795bc906030d1f93f8095594259b3b8ce570e65d98c2
96,367,a3502c604ee72335ae1f928d1deb9f72383d4ec740d3e3150811b4ab74024b47
91,447,a0a703153c4e87ada7110545b0f597ee98c14ae7d349a2d268126308dace109a
86,214,6337fe646178501601538ff30e09d788d155626bf107ebcd17ea09f9cfd55ad3
85,145,d14a02c1b9265cfd136048fc7e00c6a3c45b5a0810211f52d44f995a8d27011c
87,296,17faeb313f43e4c80fb58bb6e2dca68fc1e55e9a6d84ef589cb1ae4dd8d2c67d
89,428,440bb7dd12a2e2a705ec7383c6be032bd5a319460cb98796850421b694a760cb
87,150,e4255c87e705d17d436831c96a1a997319e9ce0ecfd7b0f8e319e691e9647a9c
97,425,e3b0c44298fc1c149afbf4c8996fb92427ae41e4649b934ca495991b7852b855
90,80,54e581d5f16f5e11d14b657dc20ab0f3f27d002236abfcd66a0d68970eacf400
93,179,5efb3607baccd6c68f4520190c0fb7dea9b3e380efd07b3f02e19841859836b9
92,125,50d29e2e9d2f5b119129256b4cfeb292cda6a3c46ddfd087a03c02f56318b2de
96,439,11699c15e4907b21cb7d795bc906030d1f93f8095594259b3b8ce570e65d98c2
85,441,b9dfa42061148637ea721892afd36641e0c70f23ed9adbb1217919d54f166c21
92,434,9013450012e7cff8facf573efa907bea908ac91c102ba9bd720c587c1092ff95
86,245,6cabea745574b9b1f625adafa96277686196169dc583c56ec4510ca0d7442617
85,391,4c01f353b0e62943447caac1c849de2ee21457aaa44ce140faceafdc076ef647
85,234,4b48d24716d81f9b372e8ee387e8fdf5dd979615b3282eeb74a171107c99b407
85,291,6829fdd1e3f540268596cbd3581dc910d3a73919a4412a9da85e482de7d79066
92,129,32ee9d06b1a33d1bb7d187cecd3f888d8c953c2bfb702a0bce34278f73a7f527
97,257,8e509161e788b52bf3ec009ff63afe983e9ef877c72441493d235acae8bc1ef5
97,49,e08a9493e45b9667376167af878f225156c1857c1e4b7dfdffe24e4fe66f2f0d
86,172,e4255c87e705d17d436831c96a1a997319e9ce0ecfd7b0f8e319e691e9647a9c
96,197,49e6aa8449ec5561dae36f4ab94d7305e29a4c5f7fe9f242f454f3968b4ad4b8
85,153,d14a02c1b9265cfd136048fc7e00c6a3c45b5a0810211f52d44f995a8d27011c
95,330,27698bc49ed1e0ade699067a0b789d9394d6eff07c09fa41b0615d98386ec7f8
90,260,d08d1028f34110d3a36f6176a1367bd0fae812387dcd211a538cb1bfa5e2079b
88,146,6cb593ae164f2a9ecf22086149f5adf67f1f02dcd493f625ae28508148d49da9
89,326,a6f690c9d71c220d9c21cf52ea3c14e227a3869e6dea9696e07769b0305d56d0
98,455,e3b0c44298fc1c149afbf4c8996fb92427ae41e4649b934ca495991b7852b855
94,342,24dd8d7f412c1531ffce63c0aff947c0ede64b94a320606e59cfe8066afb33a5
98,136,2d00f594554b6ee96f868c377a01ec0f01a15017c7b0af238fb5a77ab293065b
96,434,11699c15e4907b21cb7d795bc906030d1f93f8095594259b3b8ce570e65d98c2
91,415,3437c9d3f5e2fe27b1d97e979f42fa98c6bc8d039db44c9bf64b4f74127b57b9
90,340,0229f413557e1bd5009cd3fc47c3d0d7d14c50afa3180d0f0496031767b70e86
91,283,d08d1028f34110d3a36f6176a1367bd0fae812387dcd211a538cb1bfa5e2079b
95,58,664e37d4be1648e5147f5376d57d53d50e1612037a701b29255786f397aafa7f
88,318,51a64a17a585f62ab2ca14be77aaafab9f42ba4efa8d5936d8d00f6d60fcfde5
99,266,e3b0c44298fc1c149afbf4c8996fb92427ae41e4649b934ca495991b7852b855
98,368,e3b0c44298fc1c149afbf4c8996fb92427ae41e4649b934ca495991b7852b855
97,70,ff21c15671b51479101ea23909a3ec1ddf06a6f1f5af6c48ae47ed7f7a8c854d
88,89,c58feade66c21cc7722faa960ec8e4f39c05214e75bab86f1660060c970a4bb2
87,233,6cabea745574b9b1f625adafa96277686196169dc583c56ec4510ca0d7442617
97,278,8e509161e788b52bf3ec009ff63afe983e9ef877c72441493d235acae8bc1ef5
89,84,54e581d5f16f5e11d14b657dc20ab0f3f27d002236abfcd66a0d68970eacf400
88,111,c58feade66c21cc7722faa960ec8e4f39c05214e75bab86f1660060c970a4bb2
87,100,500e9ce3d4ac496f36083930aac8ae6e7fdf271913df986afb63d5ce530df3d0
97,452,e3b0c44298fc1c149afbf4c8996fb92427ae41e4649b934ca495991b7852b855
88,330,2216253d7994c44915748406c4467280f558e78d694dc51ac44017258dd42ba5
89,272,d08d1028f34110d3a36f6176a1367bd0fae812387dcd211a538cb1bfa5e2079b
90,393,7b1b7dca411999639f5c882b66d486939db5c673cc578a3a496324a098a737f2
98,389,e3b0c44298fc1c149afbf4c8996fb92427ae41e4649b934ca495991b7852b855
85,102,534a1ce21c3516ecbe78f03ffb01c4604f7a4f5cd1e87448959b4ddfbbb39da1
88,215,1332819a57992cdf2c20bfa5a890614d301f855876359d41a2f03de41db7a31e
98,365,e3b0c44298fc1c149afbf4c8996fb92427ae41e4649b934ca495991b7852b855
88,65,d769a9baa5ccd67c5e362a71500e584b5d7cda988043abb9346ecef9c0bb6588
87,439,a0a703153c4e87ada7110545b0f597ee98c14ae7d349a2d268126308dace109a
94,423,11699c15e4907b21cb7d795bc906030d1f93f8095594259b3b8ce570e65d98c2
97,423,e3b0c44298fc1c149afbf4c8996fb92427ae41e4649b934ca495991b7852b855
89,233,d08d1028f34110d3a36f6176a1367bd0fae812387dcd211a538cb1bfa5e2079b
95,123,f9cb42a76bfdfe151b28ecccbf51bfc0911c3e1e52f7be18c4cd5eb5c9ca833b
86,112,500e9ce3d4ac496f36083930aac8ae6e7fdf271913df986afb63d5ce530df3d0
86,46,1bc093fb6638e0054ccd172c1a4cce77524394f8c5cf5ac9591a461e4c684c96
89,79,54e581d5f16f5e11d14b657dc20ab0f3f27d002236abfcd66a0d68970eacf400
96,235,554e4b3dc95cef541b78ef5cc7f68ff0913562346c3f1d78589ebd3fba90b393
88,360,feec41b9c3038d66a51af4f31ffe0f30ad80ebf1d9a6f14e1ec911541dee4c17
97,187,cb08c34e875aee381f2419e5b387f9e5917e6c36a8c023cd62e45f4ebdce68d4
96,459,11699c15e4907b21cb7d795bc906030d1f93f8095594259b3b8ce570e65d98c2
96,417,11699c15e4907b21cb7d795bc906030d1f93f8095594259b3b8ce570e65d98c2
88,67,d769a9baa5ccd67c5e362a71500e584b5d7cda988043abb9346ecef9c0bb6588
88,430,440bb7dd12a2e2a705ec7383c6be032bd5a319460cb98796850421b694a760cb
90,205,e1ad4fbfffba463700afe1cc7739c1699eb85362d587b99e5f734255952ef685
92,221,dd20ce76bb4cdb250a694964162f31dff6f4e167a540a06195acd48e6faa2774
86,469,11699c15e4907b21cb7d795bc906030d1f93f8095594259b3b8ce570e65d98c2
99,116,25a2a8883e36667ab9ba3cd8f2c808e92d220d0e642f57b13a5baa414a793e1f
98,453,e3b0c44298fc1c149afbf4c8996fb92427ae41e4649b934ca495991b7852b855
97,325,8e509161e788b52bf3ec009ff63afe983e9ef877c72441493d235acae8bc1ef5
96,61,474f5d7af1137c7430a16e8ba51894a69726e6a6743af8773ca11a3cfacdce41
98,142,2d00f594554b6ee96f868c377a01ec0f01a15017c7b0af238fb5a77ab293065b
85,217,4b48d24716d81f9b372e8ee387e8fdf5dd979615b3282eeb74a171107c99b407
92,321,6003bef3452ef8e98c81f72984b91284399704a5455376fad94f0a9ae546583a
92,364,a7c36bc86e9b101ce5729116ab1472b21089379e168c64334736a2c4a7a03bd3
94,50,109621f85c015df6f6c71a7a4aa262e3830d026bd09ab999c3f01892b62c8fef
88,141,6cb593ae164f2a9ecf22086149f5adf67f1f02dcd493f625ae28508148d49da9
88,147,6cb593ae164f2a9ecf22086149f5adf67f1f02dcd493f625ae28508148d49da9
98,238,e3b0c44298fc1c149afbf4c8996fb92427ae41e4649b934ca495991b7852b855
93,162,5efb3607baccd6c68f4520190c0fb7dea9b3e380efd07b3f02e19841859836b9
95,324,554e4b3dc95cef541b78ef5cc7f68ff0913562346c3f1d78589ebd3fba90b393
98,478,e3b0c44298fc1c149afbf4c8996fb92427ae41e4649b934ca495991b7852b855
90,380,7b1b7dca411999639f5c882b66d486939db5c673cc578a3a496324a098a737f2
88,475,11699c15e4907b21cb7d795bc906030d1f93f8095594259b3b8ce570e65d98c2
92,383,a3dc708d63653f1ff7282baa65e3e1b5dcc078ef42d680a0903e3a1a5963d485
92,276,dd20ce76bb4cdb250a694964162f31dff6f4e167a540a06195acd48e6faa2774
99,469,e3b0c44298fc1c149afbf4c8996fb92427ae41e4649b934ca495991b7852b855
89,154,e1ad4fbfffba463700afe1cc7739c1699eb85362d587b99e5f734255952ef685
91,136,e1ad4fbfffba463700afe1cc7739c1699eb85362d587b99e5f734255952ef685
93,88,6266f09b046331ed2f2d538d27e38bfd235f941f1354b877881f166c597e32ba
93,482,11699c15e4907b21cb7d795bc906030d1f93f8095594259b3b8ce570e65d98c2
85,270,4b48d24716d81f9b372e8ee387e8fdf5dd979615b3282eeb74a171107c99b407
88,145,6cb593ae164f2a9ecf22086149f5adf67f1f02dcd493f625ae28508148d49da9
86,228,6cabea745574b9b1f625adafa96277686196169dc583c56ec4510ca0d7442617
89,49,66866ff2ec85a81afaad84a4e21f17639aae1381e0261d6df486e65be739d6f0
97,156,cb08c34e875aee381f2419e5b387f9e5917e6c36a8c023cd62e45f4ebdce68d4
97,138,cb08c34e875aee381f2419e5b387f9e5917e6c36a8c023cd62e45f4ebdce68d4
85,204,d14a02c1b9265cfd136048fc7e00c6a3c45b5a0810211f52d44f995a8d27011c
93,375,ed119764399a9f0a99d0d400a1375f455f8a220a92d004bc5e1a72cdfcb0f3a3
89,64,726b59e7f5273785de35addb34a72e84bb920d85b65a8cd9b452523478a50de5
89,258,d08d1028f34110d3a36f6176a1367bd0fae812387dcd211a538cb1bfa5e2079b
99,357,e3b0c44298fc1c149afbf4c8996fb92427ae41e4649b934ca495991b7852b855
97,462,e3b0c44298fc1c149afbf4c8996fb92427ae41e4649b934ca495991b7852b855
93,394,ed119764399a9f0a99d0d400a1375f455f8a220a92d004bc5e1a72cdfcb0f3a3
90,304,a6f690c9d71c220d9c21cf52ea3c14e227a3869e6dea9696e07769b0305d56d0
88,306,51a64a17a585f62ab2ca14be77aaafab9f42ba4efa8d5936d8d00f6d60fcfde5
95,177,49e6aa8449ec5561dae36f4ab94d7305e29a4c5f7fe9f242f454f3968b4ad4b8
88,285,ca4f653ff691224f57d83b8d1c33edbb6a2cf1667b50710b25512beeb1282f36
93,415,b0dd4dbee01dd891cd682cff8f75389a1f41ec6c647d3a85a78213ca4a1a8a11
97,132,cb08c34e875aee381f2419e5b387f9e5917e6c36a8c023cd62e45f4ebdce68d4
87,134,e4255c87e705d17d436831c96a1a997319e9ce0ecfd7b0f8e319e691e9647a9c
86,361,070c7a86e331d4c514848103d6c7e11b29fe623890c2a6d816c5b8e4b264e844
85,391,4c01f353b0e62943447caac1c849de2ee21457aaa44ce140faceafdc076ef647
85,366,6218d83947b9ae148eb25e1cf6088bfe10041d7bc913120f2ca5586e155c7865
91,239,d08d1028f34110d3a36f6176a1367bd0fae812387dcd211a538cb1bfa5e2079b
96,446,11699c15e4907b21cb7d795bc906030d1f93f8095594259b3b8ce570e65d98c2
89,222,d08d1028f34110d3a36f6176a1367bd0fae812387dcd211a538cb1bfa5e2079b
92,154,32ee9d06b1a33d1bb7d187cecd3f888d8c953c2bfb702a0bce34278f73a7f527
93,363,ed119764399a9f0a99d0d400a1375f455f8a220a92d004bc5e1a72cdfcb0f3a3
91,278,d08d1028f34110d3a36f6176a1367bd0fae812387dcd211a538cb1bfa5e2079b
94,372,b8b4f7fd27e49b18d9db298e51f2bad2e720b7d4650e2a7331d6aecb831b23e2
90,386,7b1b7dca411999639f5c882b66d486939db5c673cc578a3a496324a098a737f2
97,75,fe5ce2ec18ba98976489a455af6ccc165279ecdd2093f0b979397ddac761a2f5
86,268,6cabea745574b9b1f625adafa96277686196169dc583c56ec4510ca0d7442617
86,427,440bb7dd12a2e2a705ec7383c6be032bd5a319460cb98796850421b694a760cb
90,343,0229f413557e1bd5009cd3fc47c3d0d7d14c50afa3180d0f0496031767b70e86
95,56,46f7a26c5c5c45697d26a3ecf923885f757e0b9777c2d4b6469255b76970539c
91,426,440bb7dd12a2e2a705ec7383c6be032bd5a319460cb98796850421b694a760cb
95,298,554e4b3dc95cef541b78ef5cc7f68ff0913562346c3f1d78589ebd3fba90b393
96,447,11699c15e4907b21cb7d795bc906030d1f93f8095594259b3b8ce570e65d98c2
97,163,cb08c34e875aee381f2419e5b387f9e5917e6c36a8c023cd62e45f4ebdce68d4
87,429,440bb7dd12a2e2a705ec7383c6be032bd5a319460cb98796850421b694a760cb
94,338,5d1ae3ff1a97e12e823605a6ea0b0a750cf4b35c1ed9bb90a08b1017eb701d27
94,417,11699c15e4907b21cb7d795bc906030d1f93f8095594259b3b8ce570e65d98c2
96,133,49e6aa8449ec5561dae36f4ab94d7305e29a4c5f7fe9f242f454f3968b4ad4b8
90,292,a6f690c9d71c220d9c21cf52ea3c14e227a3869e6dea9696e07769b0305d56d0
98,447,e3b0c44298fc1c149afbf4c8996fb92427ae41e4649b934ca495991b7852b855
89,60,f909aae8fcfbb3199fda2c2ac76964e1779b783bb104a391a252c2303757f3f6
98,123,bae81a74913fcb6b72b5e23704007a4ab6abd67c5a9f643b53a850d3de4e4183
98,197,2d00f594554b6ee96f868c377a01ec0f01a15017c7b0af238fb5a77ab293065b
98,359,e3b0c44298fc1c149afbf4c8996fb92427ae41e4649b934ca495991b7852b855
98,57,1ea247cbcdd9617db0663d32e46e49ba872f241a2ff3ce4d96a782d86913e728
98,146,2d00f594554b6ee96f868c377a01ec0f01a15017c7b0af238fb5a77ab293065b
87,194,e4255c87e705d17d436831c96a1a997319e9ce0ecfd7b0f8e319e691e9647a9c
98,85,da261111e1ac82f6bbe5016ca419fba33a0b7ab29b93b190b2a7d505dfc8f9a9
99,237,e3b0c44298fc1c149afbf4c8996fb92427ae41e4649b934ca495991b7852b855
95,174,49e6aa8449ec5561dae36f4ab94d7305e29a4c5f7fe9f242f454f3968b4ad4b8
99,127,2d00f594554b6ee96f868c377a01ec0f01a15017c7b0af238fb5a77ab293065b
91,424,440bb7dd12a2e2a705ec7383c6be032bd5a319460cb98796850421b694a760cb
92,87,51bd8f515805d84ada6e4c468af6cd3503ee64ba9c0f715ac66f23d6989c7f6a
96,92,eee6dae979e18062f756329f7e219625a75b58c1c95fb8cce37c9785d19d8ce6
95,143,49e6aa8449ec5561dae36f4ab94d7305e29a4c5f7fe9f242f454f3968b4ad4b8
90,274,d08d1028f34110d3a36f6176a1367bd0fae812387dcd211a538cb1bfa5e2079b
95,337,27698bc49ed1e0ade699067a0b789d9394d6eff07c09fa41b0615d98386ec7f8
99,232,e3b0c44298fc1c149afbf4c8996fb92427ae41e4649b934ca495991b7852b855
95,274,554e4b3dc95cef541b78ef5cc7f68ff0913562346c3f1d78589ebd3fba90b393
88,123,fc9694877c52817d5a3d112ee2ceb3cce6ad4f5e179096b1f6402150a74bee45
86,176,e4255c87e705d17d436831c96a1a997319e9ce0ecfd7b0f8e319e691e9647a9c
94,69,927fc93066e368dde258c66505361ca828a7a62276781d319f3c7c2010ef7553
85,363,6218d83947b9ae148eb25e1cf6088bfe10041d7bc913120f2ca5586e155c7865
97,110,c67d3c4d76c43602b7f2d49f69bf821bfba41be0e43eb89ceb49129ac8d4ae91
89,231,d08d1028f34110d3a36f6176a1367bd0fae812387dcd211a538cb1bfa5e2079b
94,468,11699c15e4907b21cb7d795bc906030d1f93f8095594259b3b8ce570e65d98c2
90,162,e1ad4fbfffba463700afe1cc7739c1699eb85362d587b99e5f734255952ef685
87,112,500e9ce3d4ac496f36083930aac8ae6e7fdf271913df986afb63d5ce530df3d0
95,370,a3502c604ee72335ae1f928d1deb9f72383d4ec740d3e3150811b4ab74024b47
93,457,11699c15e4907b21cb7d795bc906030d1f93f8095594259b3b8ce570e65d98c2
93,275,697c20196ae860f94345bcd53f9c15b8fc70dc7ca0790a1fdaf9b5ba7fd05263
87,48,f9a1e7e53dc2d7433a0488eb8c8523a1fbab4cb79395c22a1a7de5a538575d11
93,448,11699c15e4907b21cb7d795bc906030d1f93f8095594259b3b8ce570e65d98c2
86,232,6cabea745574b9b1f625adafa96277686196169dc583c56ec4510ca0d7442617
86,418,c4263303529b257a6e649b4637d4ff22c4136b37192b14f2e3c52e2580bc0914
85,156,d14a02c1b9265cfd136048fc7e00c6a3c45b5a0810211f52d44f995a8d27011c
94,393,b8b4f7fd27e49b18d9db298e51f2bad2e720b7d4650e2a7331d6aecb831b23e2
91,89,a93c263ce77cdcb87a1b38e4a8f7b0298470d6be8eb68c8a6351fe4a48117158
95,157,49e6aa8449ec5561dae36f4ab94d7305e29a4c5f7fe9f242f454f3968b4ad4b8
90,198,e1ad4fbfffba463700afe1cc7739c1699eb85362d587b99e5f734255952ef685
97,56,d9874b09fe87a54d97f330a50a17dca45943457a1168b2edeb37ded74ff41b81
85,282,4b48d24716d81f9b372e8ee387e8fdf5dd979615b3282eeb74a171107c99b407
98,290,e3b0c44298fc1c149afbf4c8996fb92427ae41e4649b934ca495991b7852b855
94,223,c35c86658f258c819fe562260b80600bfa6bf3c574f231fa3cf8d51a06c9d61a
96,195,49e6aa8449ec5561dae36f4ab94d7305e29a4c5f7fe9f242f454f3968b4ad4b8
87,198,e4255c87e705d17d436831c96a1a997319e9ce0ecfd7b0f8e319e691e9647a9c
85,81,73fd35852024437083c266313b0390f5b0af4d9b7803dc9842555d3749cf2ca7
97,388,8e509161e788b52bf3ec009ff63afe983e9ef877c72441493d235acae8bc1ef5
96,68,979e159a7f1ee566e15a92af18e5e79fc41baff280a6f8addf2d14d1b6a851d1
86,279,6cabea745574b9b1f625adafa96277686196169dc583c56ec4510ca0d7442617
95,67,979e159a7f1ee566e15a92af18e5e79fc41baff280a6f8addf2d14d1b6a851d1
91,353,b06b8e511eacc0abf6a3ec7a4630e7cb4ea6229a0593f678a1e521883d43d03d
88,278,ca4f653ff691224f57d83b8d1c33edbb6a2cf1667b50710b25512beeb1282f36
86,126,c8574d1675dcbab312e355900d2d977c94b9fd75b0177e58ce0747423934ba81
86,243,6cabea745574b9b1f625adafa96277686196169dc583c56ec4510ca0d7442617
99,176,2d00f594554b6ee96f868c377a01ec0f01a15017c7b0af238fb5a77ab293065b
89,437,a0a703153c4e87ada7110545b0f597ee98c14ae7d349a2d268126308dace109a
94,451,11699c15e4907b21cb7d795bc906030d1f93f8095594259b3b8ce570e65d98c2
92,257,dd20ce76bb4cdb250a694964162f31dff6f4e167a540a06195acd48e6faa2774
93,108,6266f09b046331ed2f2d538d27e38bfd235f941f1354b877881f166c597e32ba
98,458,e3b0c44298fc1c149afbf4c8996fb92427ae41e4649b934ca495991b7852b855
88,193,6cb593ae164f2a9ecf22086149f5adf67f1f02dcd493f625ae28508148d49da9
96,296,554e4b3dc95cef541b78ef5cc7f68ff0913562346c3f1d78589ebd3fba90b393
96,220,554e4b3dc95cef541b78ef5cc7f68ff0913562346c3f1d78589ebd3fba90b393
85,273,4b48d24716d81f9b372e8ee387e8fdf5dd979615b3282eeb74a171107c99b407
90,243,d08d1028f34110d3a36f6176a1367bd0fae812387dcd211a538cb1bfa5e2079b
97,132,cb08c34e875aee381f2419e5b387f9e5917e6c36a8c023cd62e45f4ebdce68d4
93,205,5efb3607baccd6c68f4520190c0fb7dea9b3e380efd07b3f02e19841859836b9
87,142,e4255c87e705d17d436831c96a1a997319e9ce0ecfd7b0f8e319e691e9647a9c
85,328,6829fdd1e3f540268596cbd3581dc910d3a73919a4412a9da85e482de7d79066
87,138,e4255c87e705d17d436831c96a1a997319e9ce0ecfd7b0f8e319e691e9647a9c
91,142,e1ad4fbfffba463700afe1cc7739c1699eb85362d587b99e5f734255952ef685
97,260,8e509161e788b52bf3ec009ff63afe983e9ef877c72441493d235acae8bc1ef5
85,424,54dfec13a13dbca870f520c877ad0267a53cb30324f72ca2e5d5955f079d820b
97,186,cb08c34e875aee381f2419e5b387f9e5917e6c36a8c023cd62e45f4ebdce68d4
90,170,e1ad4fbfffba463700afe1cc7739c1699eb85362d587b99e5f734255952ef685
89,64,726b59e7f5273785de35addb34a72e84bb920d85b65a8cd9b452523478a50de5
95,290,554e4b3dc95cef541b78ef5cc7f68ff0913562346c3f1d78589ebd3fba90b393
96,277,554e4b3dc95cef541b78ef5cc7f68ff0913562346c3f1d78589ebd3fba90b393
99,458,e3b0c44298fc1c149afbf4c8996fb92427ae41e4649b934ca495991b7852b855
89,54,fca29d43b5e5a7321dcd350e4817b78bc960e980ffb8701716efbd96ad0eb8a1
87,119,ec2cfe1aa8d2a2c186a3a13a8652093dc7c67b9aa1387e8e07b0cfac0d4637fb
92,416,2df1e4d24cf7ab7ed725e4bdf4f62c0b9953e9dd24277daa87e6d11620c3d4a5
85,338,5742fb3bbbc07a4afaa96c6011c9eab56c403783ac6602f728dcbd763682d869
85,364,6218d83947b9ae148eb25e1cf6088bfe10041d7bc913120f2ca5586e155c7865
87,342,20b9a8a04a2ddb2f7bd09dc10b036c04a4cf1e4521ffdb47cf56c13c752669e8
97,335,8e509161e788b52bf3ec009ff63afe983e9ef877c72441493d235acae8bc1ef5
86,328,17faeb313f43e4c80fb58bb6e2dca68fc1e55e9a6d84ef589cb1ae4dd8d2c67d
98,162,2d00f594554b6ee96f868c377a01ec0f01a15017c7b0af238fb5a77ab293065b
96,330,27698bc49ed1e0ade699067a0b789d9394d6eff07c09fa41b0615d98386ec7f8
87,286,6cabea745574b9b1f625adafa96277686196169dc583c56ec4510ca0d7442617
86,317,17faeb313f43e4c80fb58bb6e2dca68fc1e55e9a6d84ef589cb1ae4dd8d2c67d
99,367,e3b0c44298fc1c149afbf4c8996fb92427ae41e4649b934ca495991b7852b855
87,402,29c34d390d843ebc3a554800fcf5c8db202ecfb2fb74617638571333bc0e5988
85,120,62c694f2fdbadff528443bc7468a07445ce4e208d8fd5d69edc116b67d85de8e
95,260,554e4b3dc95cef541b78ef5cc7f68ff0913562346c3f1d78589ebd3fba90b393
88,435,a0a703153c4e87ada7110545b0f597ee98c14ae7d349a2d268126308dace109a
91,116,33c304042461fcb968047def0e5d6e5760ad5d7012c0d5441453729fb94bd416
86,185,e4255c87e705d17d436831c96a1a997319e9ce0ecfd7b0f8e319e691e9647a9c
93,301,ac196882da924d39e98b031c8e1b104b58da163daa3a8276296e5fcc15d731bf
91,432,440bb7dd12a2e2a705ec7383c6be032bd5a319460cb98796850421b694a760cb
92,322,6003bef3452ef8e98c81f72984b91284399704a5455376fad94f0a9ae546583a
87,240,6cabea745574b9b1f625adafa96277686196169dc583c56ec4510ca0d7442617
94,450,11699c15e4907b21cb7d795bc906030d1f93f8095594259b3b8ce570e65d98c2
95,164,49e6aa8449ec5561dae36f4ab94d7305e29a4c5f7fe9f242f454f3968b4ad4b8
92,313,6003bef3452ef8e98c81f72984b91284399704a5455376fad94f0a9ae546583a
98,277,e3b0c44298fc1c149afbf4c8996fb92427ae41e4649b934ca495991b7852b855
87,113,500e9ce3d4ac496f36083930aac8ae6e7fdf271913df986afb63d5ce530df3d0
90,190,e1ad4fbfffba463700afe1cc7739c1699eb85362d587b99e5f734255952ef685
85,292,6829fdd1e3f540268596cbd3581dc910d3a73919a4412a9da85e482de7d79066
89,413,3437c9d3f5e2fe27b1d97e979f42fa98c6bc8d039db44c9bf64b4f74127b57b9
94,404,b8b4f7fd27e49b18d9db298e51f2bad2e720b7d4650e2a7331d6aecb831b23e2
91,185,e1ad4fbfffba463700afe1cc7739c1699eb85362d587b99e5f734255952ef685
85,78,73fd35852024437083c266313b0390f5b0af4d9b7803dc9842555d3749cf2ca7
92,303,6003bef3452ef8e98c81f72984b91284399704a5455376fad94f0a9ae546583a
93,454,11699c15e4907b21cb7d795bc906030d1f93f8095594259b3b8ce570e65d98c2
93,279,697c20196ae860f94345bcd53f9c15b8fc70dc7ca0790a1fdaf9b5ba7fd05263
85,392,4c01f353b0e62943447caac1c849de2ee21457aaa44ce140faceafdc076ef647
87,371,070c7a86e331d4c514848103d6c7e11b29fe623890c2a6d816c5b8e4b264e844
86,308,17faeb313f43e4c80fb58bb6e2dca68fc1e55e9a6d84ef589cb1ae4dd8d2c67d
93,439,11699c15e4907b21cb7d795bc906030d1f93f8095594259b3b8ce570e65d98c2
90,386,7b1b7dca411999639f5c882b66d486939db5c673cc578a3a496324a098a737f2
91,111,a93c263ce77cdcb87a1b38e4a8f7b0298470d6be8eb68c8a6351fe4a48117158
92,374,a7c36bc86e9b101ce5729116ab1472b21089379e168c64334736a2c4a7a03bd3
89,433,440bb7dd12a2e2a705ec7383c6be032bd5a319460cb98796850421b694a760cb
99,408,e3b0c44298fc1c149afbf4c8996fb92427ae41e4649b934ca495991b7852b855
86,248,6cabea745574b9b1f625adafa96277686196169dc583c56ec4510ca0d7442617
95,320,554e4b3dc95cef541b78ef5cc7f68ff0913562346c3f1d78589ebd3fba90b393
99,478,e3b0c44298fc1c149afbf4c8996fb92427ae41e4649b934ca495991b7852b855
90,128,fd5402fcc2f08f297f033a4a1b1ad2c6b88ad0f5bd67aeefca495fe62c3ab202
97,416,e3b0c44298fc1c149afbf4c8996fb92427ae41e4649b934ca495991b7852b855
88,316,51a64a17a585f62ab2ca14be77aaafab9f42ba4efa8d5936d8d00f6d60fcfde5
86,280,6cabea745574b9b1f625adafa96277686196169dc583c56ec4510ca0d7442617
98,414,e3b0c44298fc1c149afbf4c8996fb92427ae41e4649b934ca495991b7852b855
85,340,8575a21421612dbbfd9010a65f9ce221ddf1ed43082f6367bd73039fdbb1fa49
95,183,49e6aa8449ec5561dae36f4ab94d7305e29a4c5f7fe9f242f454f3968b4ad4b8
89,234,d08d1028f34110d3a36f6176a1367bd0fae812387dcd211a538cb1bfa5e2079b
91,202,e1ad4fbfffba463700afe1cc7739c1699eb85362d587b99e5f734255952ef685
93,96,6266f09b046331ed2f2d538d27e38bfd235f941f1354b877881f166c597e32ba
95,407,a3502c604ee72335ae1f928d1deb9f72383d4ec740d3e3150811b4ab74024b47
85,133,d14a02c1b9265cfd136048fc7e00c6a3c45b5a0810211f52d44f995a8d27011c
99,234,e3b0c44298fc1c149afbf4c8996fb92427ae41e4649b934ca495991b7852b855
87,171,e4255c87e705d17d436831c96a1a997319e9ce0ecfd7b0f8e319e691e9647a9c
98,289,e3b0c44298fc1c149afbf4c8996fb92427ae41e4649b934ca495991b7852b855
87,377,58eb63fef2917c0c04e2b96c8a9e54c2d2fa54aa86457599fb2441f27b273c39
87,67,2aae41ab8ec09c74f2ef2df5a4e071c293d8e9a574613fe28073de4307dfa15e
95,99,eee6dae979e18062f756329f7e219625a75b58c1c95fb8cce37c9785d19d8ce6
95,322,554e4b3dc95cef541b78ef5cc7f68ff0913562346c3f1d78589ebd3fba90b393
97,153,cb08c34e875aee381f2419e5b387f9e5917e6c36a8c023cd62e45f4ebdce68d4
90,370,6e1a93efa09a5ae785bdd94c904bf35c1ab62110ac91962138ca3e5aa765df19
94,311,c35c86658f258c819fe562260b80600bfa6bf3c574f231fa3cf8d51a06c9d61a
86,448,a0a703153c4e87ada7110545b0f597ee98c14ae7d349a2d268126308dace109a
93,156,5efb3607baccd6c68f4520190c0fb7dea9b3e380efd07b3f02e19841859836b9
90,415,3437c9d3f5e2fe27b1d97e979f42fa98c6bc8d039db44c9bf64b4f74127b57b9
88,400,c513ae3daffe629f60eaa62e87ec13e0dcb8f5fb7ee5fe0230872a17711381e3
88,192,6cb593ae164f2a9ecf22086149f5adf67f1f02dcd493f625ae28508148d49da9
86,275,6cabea745574b9b1f625adafa96277686196169dc583c56ec4510ca0d7442617
93,445,11699c15e4907b21cb7d795bc906030d1f93f8095594259b3b8ce570e65d98c2
98,367,e3b0c44298fc1c149afbf4c8996fb92427ae41e4649b934ca495991b7852b855
96,364,a3502c604ee72335ae1f928d1deb9f72383d4ec740d3e3150811b4ab74024b47
97,174,cb08c34e875aee381f2419e5b387f9e5917e6c36a8c023cd62e45f4ebdce68d4
98,261,e3b0c44298fc1c149afbf4c8996fb92427ae41e4649b934ca495991b7852b855
86,274,6cabea745574b9b1f625adafa96277686196169dc583c56ec4510ca0d7442617
90,324,a6f690c9d71c220d9c21cf52ea3c14e227a3869e6dea9696e07769b0305d56d0
95,460,11699c15e4907b21cb7d795bc906030d1f93f8095594259b3b8ce570e65d98c2
95,243,554e4b3dc95cef541b78ef5cc7f68ff0913562346c3f1d78589ebd3fba90b393
95,360,a3502c604ee72335ae1f928d1deb9f72383d4ec740d3e3150811b4ab74024b47
96,170,49e6aa8449ec5561dae36f4ab94d7305e29a4c5f7fe9f242f454f3968b4ad4b8
98,368,e3b0c44298fc1c149afbf4c8996fb92427ae41e4649b934ca495991b7852b855
97,177,cb08c34e875aee381f2419e5b387f9e5917e6c36a8c023cd62e45f4ebdce68d4
85,480,11699c15e4907b21cb7d795bc906030d1f93f8095594259b3b8ce570e65d98c2
94,258,c35c86658f258c819fe562260b80600bfa6bf3c574f231fa3cf8d51a06c9d61a
98,299,e3b0c44298fc1c149afbf4c8996fb92427ae41e4649b934ca495991b7852b855
97,237,8e509161e788b52bf3ec009ff63afe983e9ef877c72441493d235acae8bc1ef5
96,398,a3502c604ee72335ae1f928d1deb9f72383d4ec740d3e3150811b4ab74024b47
94,283,c35c86658f258c819fe562260b80600bfa6bf3c574f231fa3cf8d51a06c9d61a
86,197,e4255c87e705d17d436831c96a1a997319e9ce0ecfd7b0f8e319e691e9647a9c
89,183,e1ad4fbfffba463700afe1cc7739c1699eb85362d587b99e5f734255952ef685
98,141,2d00f594554b6ee96f868c377a01ec0f01a15017c7b0af238fb5a77ab293065b
90,67,a2b2d8bd9668722fe0d678ab67d09e73ff199d77eefb2c538315a399893c984d
97,409,e3b0c44298fc1c149afbf4c8996fb92427ae41e4649b934ca495991b7852b855
91,232,d08d1028f34110d3a36f6176a1367bd0fae812387dcd211a538cb1bfa5e2079b
85,72,941cc96680df4f618067f328dde20836533198df51a3acd8cb18b29eb29fa065
87,79,01a7ab90eb7caf20de72901571fdf1cb7fc7940f74afb30ddc7083eb52e83a22
88,273,ca4f653ff691224f57d83b8d1c33edbb6a2cf1667b50710b25512beeb1282f36
96,133,49e6aa8449ec5561dae36f4ab94d7305e29a4c5f7fe9f242f454f3968b4ad4b8
93,270,697c20196ae860f94345bcd53f9c15b8fc70dc7ca0790a1fdaf9b5ba7fd05263
86,246,6cabea745574b9b1f625adafa96277686196169dc583c56ec4510ca0d7442617
98,197,2d00f594554b6ee96f868c377a01ec0f01a15017c7b0af238fb5a77ab293065b
88,288,51a64a17a585f62ab2ca14be77aaafab9f42ba4efa8d5936d8d00f6d60fcfde5
85,331,44f0fe1195fe1407fcc8f2108e39dc174bf4e3ee797b17252772de28638a4e89
88,154,6cb593ae164f2a9ecf22086149f5adf67f1f02dcd493f625ae28508148d49da9
92,118,e603c9c99c1e6d97b236bbcd17b892cc80b280e258c0ee17e4ee5970953a8cd9
88,253,ca4f653ff691224f57d83b8d1c33edbb6a2cf1667b50710b25512beeb1282f36
90,200,e1ad4fbfffba463700afe1cc7739c1699eb85362d587b99e5f734255952ef685
91,424,440bb7dd12a2e2a705ec7383c6be032bd5a319460cb98796850421b694a760cb
93,407,8a3519d130cfb8b47ecafcd519f461edaf7696c53f3c1ee6448d5331713e7907
87,402,29c34d390d843ebc3a554800fcf5c8db202ecfb2fb74617638571333bc0e5988
93,345,1235f3c4b092221aa5d22f4e26c99b09977d7fff5d157a696828144156c0d0eb
89,303,a6f690c9d71c220d9c21cf52ea3c14e227a3869e6dea9696e07769b0305d56d0
99,136,2d00f594554b6ee96f868c377a01ec0f01a15017c7b0af238fb5a77ab293065b
89,125,fd5402fcc2f08f297f033a4a1b1ad2c6b88ad0f5bd67aeefca495fe62c3ab202
94,479,11699c15e4907b21cb7d795bc906030d1f93f8095594259b3b8ce570e65d98c2
91,331,03e07b3ae7cc330316567a5c9b4543b2071228c4d076101e13e6b8a0961fed8c
96,186,49e6aa8449ec5561dae36f4ab94d7305e29a4c5f7fe9f242f454f3968b4ad4b8
97,81,fe5ce2ec18ba98976489a455af6ccc165279ecdd2093f0b979397ddac761a2f5
93,148,5efb3607baccd6c68f4520190c0fb7dea9b3e380efd07b3f02e19841859836b9
89,261,d08d1028f34110d3a36f6176a1367bd0fae812387dcd211a538cb1bfa5e2079b
91,173,e1ad4fbfffba463700afe1cc7739c1699eb85362d587b99e5f734255952ef685
96,226,554e4b3dc95cef541b78ef5cc7f68ff0913562346c3f1d78589ebd3fba90b393
89,77,54e581d5f16f5e11d14b657dc20ab0f3f27d002236abfcd66a0d68970eacf400
91,49,66866ff2ec85a81afaad84a4e21f17639aae1381e0261d6df486e65be739d6f0
92,264,dd20ce76bb4cdb250a694964162f31dff6f4e167a540a06195acd48e6faa2774
85,229,4b48d24716d81f9b372e8ee387e8fdf5dd979615b3282eeb74a171107c99b407
90,437,a0a703153c4e87ada7110545b0f597ee98c14ae7d349a2d268126308dace109a
94,98,8f980b728c1c5fe01a04327fb26bc54a695fd981270c79f6adc239c617de91da
88,376,3421372666457905590c67a9084f257352deba6ccd5f992b1a68e0a14622c30c
86,223,6cabea745574b9b1f625adafa96277686196169dc583c56ec4510ca0d7442617
93,57,2ab8224ee6eb2606bdd28cb408d8990fe74e4e5a1f811e6d098b8658b61c7e8e
86,391,58eb63fef2917c0c04e2b96c8a9e54c2d2fa54aa86457599fb2441f27b273c39
92,385,a3dc708d63653f1ff7282baa65e3e1b5dcc078ef42d680a0903e3a1a5963d485
89,274,d08d1028f34110d3a36f6176a1367bd0fae812387dcd211a538cb1bfa5e2079b
91,127,fd5402fcc2f08f297f033a4a1b1ad2c6b88ad0f5bd67aeefca495fe62c3ab202
85,408,1ce186514f4beade9858c56b3f4aa9699e7037f34b9a2e0423a91ea5383649bf
93,253,697c20196ae860f94345bcd53f9c15b8fc70dc7ca0790a1fdaf9b5ba7fd05263
92,445,11699c15e4907b21cb7d795bc906030d1f93f8095594259b3b8ce570e65d98c2
96,103,eee6dae979e18062f756329f7e219625a75b58c1c95fb8cce37c9785d19d8ce6
97,372,8e509161e788b52bf3ec009ff63afe983e9ef877c72441493d235acae8bc1ef5
85,173,d14a02c1b9265cfd136048fc7e00c6a3c45b5a0810211f52d44f995a8d27011c
93,479,11699c15e4907b21cb7d795bc906030d1f93f8095594259b3b8ce570e65d98c2
97,189,cb08c34e875aee381f2419e5b387f9e5917e6c36a8c023cd62e45f4ebdce68d4
85,412,1af48229b2c723412278ff06a33842f7d9afed7ba0c28cc6aaacda2da3282dbe
95,57,664e37d4be1648e5147f5376d57d53d50e1612037a701b29255786f397aafa7f
87,210,6337fe646178501601538ff30e09d788d155626bf107ebcd17ea09f9cfd55ad3
87,167,e4255c87e705d17d436831c96a1a997319e9ce0ecfd7b0f8e319e691e9647a9c
96,85,91dbe9663b55de20c0953f257a4c856b928105b3943aa7da0d8edb58ded49680
87,242,6cabea745574b9b1f625adafa96277686196169dc583c56ec4510ca0d7442617
93,155,5efb3607baccd6c68f4520190c0fb7dea9b3e380efd07b3f02e19841859836b9
93,91,6266f09b046331ed2f2d538d27e38bfd235f941f1354b877881f166c597e32ba
96,423,11699c15e4907b21cb7d795bc906030d1f93f8095594259b3b8ce570e65d98c2
92,65,ff429a8e09b010883b575c5c0ff97b306e416aa5d6e042cdb9b6133636ce3338
86,431,440bb7dd12a2e2a705ec7383c6be032bd5a319460cb98796850421b694a760cb
94,119,edfee80092eb9e3b1c1e03e6232e24d3a92b0a46f52184505f447e26adbfc282
93,249,697c20196ae860f94345bcd53f9c15b8fc70dc7ca0790a1fdaf9b5ba7fd05263
94,343,24dd8d7f412c1531ffce63c0aff947c0ede64b94a320606e59cfe8066afb33a5
92,365,a7c36bc86e9b101ce5729116ab1472b21089379e168c64334736a2c4a7a03bd3
90,416,3437c9d3f5e2fe27b1d97e979f42fa98c6bc8d039db44c9bf64b4f74127b57b9
91,421,440bb7dd12a2e2a705ec7383c6be032bd5a319460cb98796850421b694a760cb
95,105,eee6dae979e18062f756329f7e219625a75b58c1c95fb8cce37c9785d19d8ce6
93,386,ed119764399a9f0a99d0d400a1375f455f8a220a92d004bc5e1a72cdfcb0f3a3
95,91,eee6dae979e18062f756329f7e219625a75b58c1c95fb8cce37c9785d19d8ce6
92,49,02129085defd491c6568bf057c7fb6d07fbedfc047d780ac7007c866d870ce96
87,120,900fa0095556db0d69a3e5cf389d7402b57c25547d9bf494a498dc790c4eae27
96,102,eee6dae979e18062f756329f7e219625a75b58c1c95fb8cce37c9785d19d8ce6
91,70,a2b2d8bd9668722fe0d678ab67d09e73ff199d77eefb2c538315a399893c984d
87,122,900fa0095556db0d69a3e5cf389d7402b57c25547d9bf494a498dc790c4eae27
96,147,49e6aa8449ec5561dae36f4ab94d7305e29a4c5f7fe9f242f454f3968b4ad4b8
94,259,c35c86658f258c819fe562260b80600bfa6bf3c574f231fa3cf8d51a06c9d61a
94,184,56940de3fae802c2cd298a16e791efc0acc069ef34eb47b5bafb6a9bd0141e23
86,173,e4255c87e705d17d436831c96a1a997319e9ce0ecfd7b0f8e319e691e9647a9c
85,340,8575a21421612dbbfd9010a65f9ce221ddf1ed43082f6367bd73039fdbb1fa49
89,302,a6f690c9d71c220d9c21cf52ea3c14e227a3869e6dea9696e07769b0305d56d0
98,176,2d00f594554b6ee96f868c377a01ec0f01a15017c7b0af238fb5a77ab293065b
85,351,bc9205317bad5194ec381652962fc4557e455f37da7a2a80626b968c76327ef6
88,327,51a64a17a585f62ab2ca14be77aaafab9f42ba4efa8d5936d8d00f6d60fcfde5
98,367,e3b0c44298fc1c149afbf4c8996fb92427ae41e4649b934ca495991b7852b855
92,277,dd20ce76bb4cdb250a694964162f31dff6f4e167a540a06195acd48e6faa2774
86,459,11699c15e4907b21cb7d795bc906030d1f93f8095594259b3b8ce570e65d98c2
90,117,33c304042461fcb968047def0e5d6e5760ad5d7012c0d5441453729fb94bd416
88,51,9a1ffb379faafc4b719ca4ff05b6e69b1af3dfd0798da934d0d6b9094d409480
97,221,8e509161e788b52bf3ec009ff63afe983e9ef877c72441493d235acae8bc1ef5
98,236,e3b0c44298fc1c149afbf4c8996fb92427ae41e4649b934ca495991b7852b855
87,320,17faeb313f43e4c80fb58bb6e2dca68fc1e55e9a6d84ef589cb1ae4dd8d2c67d
85,464,11699c15e4907b21cb7d795bc906030d1f93f8095594259b3b8ce570e65d98c2
98,363,e3b0c44298fc1c149afbf4c8996fb92427ae41e4649b934ca495991b7852b855
89,151,e1ad4fbfffba463700afe1cc7739c1699eb85362d587b99e5f734255952ef685
85,420,afe1e81ce5e14f3c8d12f44a4be68a987b479269813d60b8688b8693b71cc5fa
92,269,dd20ce76bb4cdb250a694964162f31dff6f4e167a540a06195acd48e6faa2774
89,223,d08d1028f34110d3a36f6176a1367bd0fae812387dcd211a538cb1bfa5e2079b
91,140,e1ad4fbfffba463700afe1cc7739c1699eb85362d587b99e5f734255952ef685
86,190,e4255c87e705d17d436831c96a1a997319e9ce0ecfd7b0f8e319e691e9647a9c
87,183,e4255c87e705d17d436831c96a1a997319e9ce0ecfd7b0f8e319e691e9647a9c
87,394,58eb63fef2917c0c04e2b96c8a9e54c2d2fa54aa86457599fb2441f27b273c39
91,214,3752d7d5ccfff871d5d4437aa23cb1342d6196a03d79f5fec49897acfe84b8b2
89,184,e1ad4fbfffba463700afe1cc7739c1699eb85362d587b99e5f734255952ef685
93,167,5efb3607baccd6c68f4520190c0fb7dea9b3e380efd07b3f02e19841859836b9
90,310,a6f690c9d71c220d9c21cf52ea3c14e227a3869e6dea9696e07769b0305d56d0
87,467,11699c15e4907b21cb7d795bc906030d1f93f8095594259b3b8ce570e65d98c2
90,470,11699c15e4907b21cb7d795bc906030d1f93f8095594259b3b8ce570e65d98c2
89,139,e1ad4fbfffba463700afe1cc7739c1699eb85362d587b99e5f734255952ef685
96,366,a3502c604ee72335ae1f928d1deb9f72383d4ec740d3e3150811b4ab74024b47
90,257,d08d1028f34110d3a36f6176a1367bd0fae812387dcd211a538cb1bfa5e2079b
91,365,6e1a93efa09a5ae785bdd94c904bf35c1ab62110ac91962138ca3e5aa765df19
87,462,11699c15e4907b21cb7d795bc906030d1f93f8095594259b3b8ce570e65d98c2
88,351,99a409e6470a40e084df755d6bbeb11a89077d0d03b1adb1a3979ae44bf01531
86,123,c8574d1675dcbab312e355900d2d977c94b9fd75b0177e58ce0747423934ba81
89,114,a93c263ce77cdcb87a1b38e4a8f7b0298470d6be8eb68c8a6351fe4a48117158
85,324,6829fdd1e3f540268596cbd3581dc910d3a73919a4412a9da85e482de7d79066
94,346,d3d5b6ddafe5b65d4db557c4a804c46b70d603382b81c85a5b892677f6a3121b
88,88,c58feade66c21cc7722faa960ec8e4f39c05214e75bab86f1660060c970a4bb2
95,468,11699c15e4907b21cb7d795bc906030d1f93f8095594259b3b8ce570e65d98c2
93,131,5efb3607baccd6c68f4520190c0fb7dea9b3e380efd07b3f02e19841859836b9
90,89,a93c263ce77cdcb87a1b38e4a8f7b0298470d6be8eb68c8a6351fe4a48117158
95,64,5a7603757c042f985fe5a261018301a79630e9b076d990e7c1a3a5ccc50f9a03
92,183,32ee9d06b1a33d1bb7d187cecd3f888d8c953c2bfb702a0bce34278f73a7f527
91,171,e1ad4fbfffba463700afe1cc7739c1699eb85362d587b99e5f734255952ef685
91,365,6e1a93efa09a5ae785bdd94c904bf35c1ab62110ac91962138ca3e5aa765df19
86,174,e4255c87e705d17d436831c96a1a997319e9ce0ecfd7b0f8e319e691e9647a9c
93,461,11699c15e4907b21cb7d795bc906030d1f93f8095594259b3b8ce570e65d98c2
87,334,153431013c8d34e8fe9a6727114f32df63e37b30fa0416cb531067c3bc0ecacb
99,83,25a2a8883e36667ab9ba3cd8f2c808e92d220d0e642f57b13a5baa414a793e1f
85,242,4b48d24716d81f9b372e8ee387e8fdf5dd979615b3282eeb74a171107c99b407
92,247,dd20ce76bb4cdb250a694964162f31dff6f4e167a540a06195acd48e6faa2774
90,167,e1ad4fbfffba463700afe1cc7739c1699eb85362d587b99e5f734255952ef685
91,81,54e581d5f16f5e11d14b657dc20ab0f3f27d002236abfcd66a0d68970eacf400
96,419,11699c15e4907b21cb7d795bc906030d1f93f8095594259b3b8ce570e65d98c2
90,67,a2b2d8bd9668722fe0d678ab67d09e73ff199d77eefb2c538315a399893c984d
99,261,e3b0c44298fc1c149afbf4c8996fb92427ae41e4649b934ca495991b7852b855
86,83,01a7ab90eb7caf20de72901571fdf1cb7fc7940f74afb30ddc7083eb52e83a22
99,273,e3b0c44298fc1c149afbf4c8996fb92427ae41e4649b934ca495991b7852b855
96,236,554e4b3dc95cef541b78ef5cc7f68ff0913562346c3f1d78589ebd3fba90b393
87,437,a0a703153c4e87ada7110545b0f597ee98c14ae7d349a2d268126308dace109a
89,472,11699c15e4907b21cb7d795bc906030d1f93f8095594259b3b8ce570e65d98c2
92,368,a7c36bc86e9b101ce5729116ab1472b21089379e168c64334736a2c4a7a03bd3
97,362,8e509161e788b52bf3ec009ff63afe983e9ef877c72441493d235acae8bc1ef5
95,56,46f7a26c5c5c45697d26a3ecf923885f757e0b9777c2d4b6469255b76970539c
94,223,c35c86658f258c819fe562260b80600bfa6bf3c574f231fa3cf8d51a06c9d61a
90,409,3437c9d3f5e2fe27b1d97e979f42fa98c6bc8d039db44c9bf64b4f74127b57b9
93,284,697c20196ae860f94345bcd53f9c15b8fc70dc7ca0790a1fdaf9b5ba7fd05263
88,310,51a64a17a585f62ab2ca14be77aaafab9f42ba4efa8d5936d8d00f6d60fcfde5
90,449,a0a703153c4e87ada7110545b0f597ee98c14ae7d349a2d268126308dace109a
94,327,c35c86658f258c819fe562260b80600bfa6bf3c574f231fa3cf8d51a06c9d61a
96,470,11699c15e4907b21cb7d795bc906030d1f93f8095594259b3b8ce570e65d98c2
86,395,fc9e2a78fcb137eddc125ba93d46e29968d50a5a587ae903598af6c189de4bf6
92,197,32ee9d06b1a33d1bb7d187cecd3f888d8c953c2bfb702a0bce34278f73a7f527
91,338,152417ad84c0613d6b5a2220f621799ee5be38cf5225548f881b2d52d7f21383
88,436,a0a703153c4e87ada7110545b0f597ee98c14ae7d349a2d268126308dace109a
99,61,7ed775826aa39ec1359775781214270725d9e55f00e6b465489c99c83b2acc0d
88,99,c58feade66c21cc7722faa960ec8e4f39c05214e75bab86f1660060c970a4bb2
97,97,c67d3c4d76c43602b7f2d49f69bf821bfba41be0e43eb89ceb49129ac8d4ae91
99,216,e3b0c44298fc1c149afbf4c8996fb92427ae41e4649b934ca495991b7852b855
98,159,2d00f594554b6ee96f868c377a01ec0f01a15017c7b0af238fb5a77ab293065b
92,233,dd20ce76bb4cdb250a694964162f31dff6f4e167a540a06195acd48e6faa2774
87,257,6cabea745574b9b1f625adafa96277686196169dc583c56ec4510ca0d7442617
97,214,5c8955f4cb0ffcd6bc7a2068e8f2f543dfd3a074ad74e191fa6bb2981b525d01
86,174,e4255c87e705d17d436831c96a1a997319e9ce0ecfd7b0f8e319e691e9647a9c
97,278,8e509161e788b52bf3ec009ff63afe983e9ef877c72441493d235acae8bc1ef5
92,210,5b59ee8bd3ddbeaae138faed57673d9ff9bd6ec1bed00f94db5dbb50b417d83d
92,147,32ee9d06b1a33d1bb7d187cecd3f888d8c953c2bfb702a0bce34278f73a7f527
88,122,3bad5e77ebf1566f5ebd73b205bc0be375bfbbd666cab565223e9bed86dbfa45
94,399,b8b4f7fd27e49b18d9db298e51f2bad2e720b7d4650e2a7331d6aecb831b23e2
90,166,e1ad4fbfffba463700afe1cc7739c1699eb85362d587b99e5f734255952ef685
90,211,3752d7d5ccfff871d5d4437aa23cb1342d6196a03d79f5fec49897acfe84b8b2
89,182,e1ad4fbfffba463700afe1cc7739c1699eb85362d587b99e5f734255952ef685
92,336,3cefaed95c22c126b98095b027e17e82d06af8497b675cb629533e2c0b071cbb
91,345,0229f413557e1bd5009cd3fc47c3d0d7d14c50afa3180d0f0496031767b70e86
85,174,d14a02c1b9265cfd136048fc7e00c6a3c45b5a0810211f52d44f995a8d27011c
90,361,6e1a93efa09a5ae785bdd94c904bf35c1ab62110ac91962138ca3e5aa765df19
94,290,c35c86658f258c819fe562260b80600bfa6bf3c574f231fa3cf8d51a06c9d61a
86,89,500e9ce3d4ac496f36083930aac8ae6e7fdf271913df986afb63d5ce530df3d0
90,285,d08d1028f34110d3a36f6176a1367bd0fae812387dcd211a538cb1bfa5e2079b
97,71,ff21c15671b51479101ea23909a3ec1ddf06a6f1f5af6c48ae47ed7f7a8c854d
88,189,6cb593ae164f2a9ecf22086149f5adf67f1f02dcd493f625ae28508148d49da9
98,436,e3b0c44298fc1c149afbf4c8996fb92427ae41e4649b934ca495991b7852b855
86,339,153431013c8d34e8fe9a6727114f32df63e37b30fa0416cb531067c3bc0ecacb
90,454,11699c15e4907b21cb7d795bc906030d1f93f8095594259b3b8ce570e65d98c2
89,426,440bb7dd12a2e2a705ec7383c6be032bd5a319460cb98796850421b694a760cb
95,164,49e6aa8449ec5561dae36f4ab94d7305e29a4c5f7fe9f242f454f3968b4ad4b8
85,114,534a1ce21c3516ecbe78f03ffb01c4604f7a4f5cd1e87448959b4ddfbbb39da1
97,122,8a931ffd2f10b154501e97ccbe1ca5fbd754fa649b1056ff2a3bd9447349ab6d
87,278,6cabea745574b9b1f625adafa96277686196169dc583c56ec4510ca0d7442617
87,216,6cabea745574b9b1f625adafa96277686196169dc583c56ec4510ca0d7442617
90,385,7b1b7dca411999639f5c882b66d486939db5c673cc578a3a496324a098a737f2
96,173,49e6aa8449ec5561dae36f4ab94d7305e29a4c5f7fe9f242f454f3968b4ad4b8
93,268,697c20196ae860f94345bcd53f9c15b8fc70dc7ca0790a1fdaf9b5ba7fd05263
85,444,b9dfa42061148637ea721892afd36641e0c70f23ed9adbb1217919d54f166c21
85,60,b02e81516952e1fca4cf8d69521003cddbcce0ac7d116447fd69bd7c78fe5a78
98,336,e3b0c44298fc1c149afbf4c8996fb92427ae41e4649b934ca495991b7852b855
96,465,11699c15e4907b21cb7d795bc906030d1f93f8095594259b3b8ce570e65d98c2
91,333,03e07b3ae7cc330316567a5c9b4543b2071228c4d076101e13e6b8a0961fed8c
89,263,d08d1028f34110d3a36f6176a1367bd0fae812387dcd211a538cb1bfa5e2079b
93,69,9c39dff46a936ef931b49ac61c2e6a034ef0d6c6131a575927a8d1f1811aeac3
91,203,e1ad4fbfffba463700afe1cc7739c1699eb85362d587b99e5f734255952ef685
97,409,e3b0c44298fc1c149afbf4c8996fb92427ae41e4649b934ca495991b7852b855
99,297,e3b0c44298fc1c149afbf4c8996fb92427ae41e4649b934ca495991b7852b855
99,179,2d00f594554b6ee96f868c377a01ec0f01a15017c7b0af238fb5a77ab293065b
89,262,d08d1028f34110d3a36f6176a1367bd0fae812387dcd211a538cb1bfa5e2079b
99,119,25a2a8883e36667ab9ba3cd8f2c808e92d220d0e642f57b13a5baa414a793e1f
93,480,11699c15e4907b21cb7d795bc906030d1f93f8095594259b3b8ce570e65d98c2
89,220,d08d1028f34110d3a36f6176a1367bd0fae812387dcd211a538cb1bfa5e2079b
94,112,8f980b728c1c5fe01a04327fb26bc54a695fd981270c79f6adc239c617de91da
87,106,500e9ce3d4ac496f36083930aac8ae6e7fdf271913df986afb63d5ce530df3d0
90,415,3437c9d3f5e2fe27b1d97e979f42fa98c6bc8d039db44c9bf64b4f74127b57b9
85,397,39c433b85e89a465328c46bcc763846db2191b309d69b4c8abfd2d29bdbe035a
97,333,8e509161e788b52bf3ec009ff63afe983e9ef877c72441493d235acae8bc1ef5
94,202,56940de3fae802c2cd298a16e791efc0acc069ef34eb47b5bafb6a9bd0141e23
94,74,8e1d6423c6d6414599fe0dce92b56a1ba10f244a8f89f4879d59b588c1980107
90,394,7b1b7dca411999639f5c882b66d486939db5c673cc578a3a496324a098a737f2
86,466,11699c15e4907b21cb7d795bc906030d1f93f8095594259b3b8ce570e65d98c2
96,456,11699c15e4907b21cb7d795bc906030d1f93f8095594259b3b8ce570e65d98c2
86,149,e4255c87e705d17d436831c96a1a997319e9ce0ecfd7b0f8e319e691e9647a9c
93,236,697c20196ae860f94345bcd53f9c15b8fc70dc7ca0790a1fdaf9b5ba7fd05263
99,219,e3b0c44298fc1c149afbf4c8996fb92427ae41e4649b934ca495991b7852b855
